expid,proid,a.primer,p1.primer,sample.type,epo,etp,atp,mpamt,mpasp,mpar,barcode.1,barcode.2,barcode.3,barcode.4,barcode.5,barcode.6,barcode.7,barcode.8,barcode.9,barcode.10,barcode.11,barcode.12,barcode.13,barcode.14,barcode.15,barcode.16,barcode.17,barcode.18,barcode.19,barcode.20,barcode.21,barcode.22,barcode.23,barcode.24,barcode.25,barcode.26,barcode.27,barcode.28,barcode.29,barcode.30,barcode.31,barcode.32,barcode.33,barcode.34,barcode.35,barcode.36,barcode.37,barcode.38,barcode.39,barcode.40,barcode.41,barcode.42,barcode.43,barcode.44,barcode.45,barcode.46,barcode.47,barcode.48,barcode.49,barcode.50,barcode.51,barcode.52,barcode.53,barcode.54,barcode.55,barcode.56,barcode.57,barcode.58,barcode.59,barcode.60,barcode.61,barcode.62,barcode.63,barcode.64,barcode.65,barcode.66,barcode.67,barcode.68,barcode.69,barcode.70,barcode.71,barcode.72,barcode.73,barcode.74,barcode.75,barcode.76,barcode.77,barcode.78,barcode.79,barcode.80,barcode.81,barcode.82,barcode.83,barcode.84,barcode.85,barcode.86,barcode.87,barcode.88,barcode.89,barcode.90,barcode.91,barcode.92,barcode.93,barcode.94,barcode.95,barcode.96,barcode.97,barcode.98,barcode.99,barcode.100,barcode.101,barcode.102,barcode.103,barcode.104,barcode.105,barcode.106,barcode.107,barcode.108,barcode.109,barcode.110,barcode.111,barcode.112,barcode.113
0REF_R1,1,Ion_17,Ion_R1,SW_Ref,Reference,NA,NA,CM,0,1,d1C2,,,,,,,,,,,,,,,,,,,,,,,,,,,,,,,,,,,,,,,,,,,,,,,,,,,,,,,,,,,,,,,,,,,,,,,,,,,,,,,,,,,,,,,,,,,,,,,,,,,,,,,,,,,,,,,,
0REF_R2,2,Ion_17,Ion_R2,SW_Ref,Reference,NA,NA,CM,0,2,d1C2,,,,,,,,,,,,,,,,,,,,,,,,,,,,,,,,,,,,,,,,,,,,,,,,,,,,,,,,,,,,,,,,,,,,,,,,,,,,,,,,,,,,,,,,,,,,,,,,,,,,,,,,,,,,,,,,
0REF_R3,3,Ion_17,Ion_R3,SW_Ref,Reference,NA,NA,CM,0,3,d1C2,,,,,,,,,,,,,,,,,,,,,,,,,,,,,,,,,,,,,,,,,,,,,,,,,,,,,,,,,,,,,,,,,,,,,,,,,,,,,,,,,,,,,,,,,,,,,,,,,,,,,,,,,,,,,,,,
0REF_R4,4,Ion_17,Ion_R4,SW_Ref,Reference,NA,NA,CM,0,4,d1C2,,,,,,,,,,,,,,,,,,,,,,,,,,,,,,,,,,,,,,,,,,,,,,,,,,,,,,,,,,,,,,,,,,,,,,,,,,,,,,,,,,,,,,,,,,,,,,,,,,,,,,,,,,,,,,,,
0REF_R5,5,Ion_17,Ion_R5,SW_Ref,Reference,NA,NA,CM,0,5,d1C2,,,,,,,,,,,,,,,,,,,,,,,,,,,,,,,,,,,,,,,,,,,,,,,,,,,,,,,,,,,,,,,,,,,,,,,,,,,,,,,,,,,,,,,,,,,,,,,,,,,,,,,,,,,,,,,,
0ANCE_R1,6,Ion_17,Ion_R6,MPA_Plate,Ancestral,0,0,CM,0,1,d1C2,d1B12,d1B1,d1C1,d1D1,d1E1,d1F1,d1G1,d1C12,d1A3,d1B3,d1C3,d1D3,d1E3,d1F3,d1G3,d1H3,d1G12,d1B5,d1C5,d1D5,d1E5,d1F5,d1G5,d1H5,d1A7,d1B7,d1C7,d1D7,d1E7,d1F7,d1G7,d1H7,d1A9,d1B9,d1C9,d1D9,d1E9,d1F9,d1G9,d1H9,d1A10,d1B10,d1C10,d1D10,d1E10,d1F10,d1G10,d1H10,d1A11,d1B11,d1C11,d1D11,d1E11,d1F11,d1G11,d1H11,d2B12,d2B1,d2C1,d2D1,d2E1,d2F1,d2G1,d2C12,d2A3,d2B3,d2C3,d2D3,d2E3,d2F3,d2G3,d2H3,d2G12,d2B5,d2C5,d2D5,d2E5,d2F5,d2G5,d2H5,d2A7,d2B7,d2C7,d2D7,d2E7,d2F7,d2G7,d2H7,d2A9,d2B9,d2C9,d2D9,d2E9,d2F9,d2G9,d2H9,d2A10,d2B10,d2C10,d2D10,d2E10,d2F10,d2G10,d2H10,d2A11,d2B11,d2C11,d2D11,d2E11,d2F11,d2G11,d2H11
0ANCE_R2,7,Ion_17,Ion_R7,MPA_Plate,Ancestral,0,0,CM,0,2,d1C2,d1B12,d1B1,d1C1,d1D1,d1E1,d1F1,d1G1,d1C12,d1A3,d1B3,d1C3,d1D3,d1E3,d1F3,d1G3,d1H3,d1G12,d1B5,d1C5,d1D5,d1E5,d1F5,d1G5,d1H5,d1A7,d1B7,d1C7,d1D7,d1E7,d1F7,d1G7,d1H7,d1A9,d1B9,d1C9,d1D9,d1E9,d1F9,d1G9,d1H9,d1A10,d1B10,d1C10,d1D10,d1E10,d1F10,d1G10,d1H10,d1A11,d1B11,d1C11,d1D11,d1E11,d1F11,d1G11,d1H11,d2B12,d2B1,d2C1,d2D1,d2E1,d2F1,d2G1,d2C12,d2A3,d2B3,d2C3,d2D3,d2E3,d2F3,d2G3,d2H3,d2G12,d2B5,d2C5,d2D5,d2E5,d2F5,d2G5,d2H5,d2A7,d2B7,d2C7,d2D7,d2E7,d2F7,d2G7,d2H7,d2A9,d2B9,d2C9,d2D9,d2E9,d2F9,d2G9,d2H9,d2A10,d2B10,d2C10,d2D10,d2E10,d2F10,d2G10,d2H10,d2A11,d2B11,d2C11,d2D11,d2E11,d2F11,d2G11,d2H11
0ANCE_R3,8,Ion_17,Ion_R8,MPA_Plate,Ancestral,0,0,CM,0,3,d1C2,d1B12,d1B1,d1C1,d1D1,d1E1,d1F1,d1G1,d1C12,d1A3,d1B3,d1C3,d1D3,d1E3,d1F3,d1G3,d1H3,d1G12,d1B5,d1C5,d1D5,d1E5,d1F5,d1G5,d1H5,d1A7,d1B7,d1C7,d1D7,d1E7,d1F7,d1G7,d1H7,d1A9,d1B9,d1C9,d1D9,d1E9,d1F9,d1G9,d1H9,d1A10,d1B10,d1C10,d1D10,d1E10,d1F10,d1G10,d1H10,d1A11,d1B11,d1C11,d1D11,d1E11,d1F11,d1G11,d1H11,d2B12,d2B1,d2C1,d2D1,d2E1,d2F1,d2G1,d2C12,d2A3,d2B3,d2C3,d2D3,d2E3,d2F3,d2G3,d2H3,d2G12,d2B5,d2C5,d2D5,d2E5,d2F5,d2G5,d2H5,d2A7,d2B7,d2C7,d2D7,d2E7,d2F7,d2G7,d2H7,d2A9,d2B9,d2C9,d2D9,d2E9,d2F9,d2G9,d2H9,d2A10,d2B10,d2C10,d2D10,d2E10,d2F10,d2G10,d2H10,d2A11,d2B11,d2C11,d2D11,d2E11,d2F11,d2G11,d2H11
0ANCE_R4,9,Ion_18,Ion_R1,MPA_Plate,Ancestral,0,0,CM,0,4,d1C2,d1B12,d1B1,d1C1,d1D1,d1E1,d1F1,d1G1,d1C12,d1A3,d1B3,d1C3,d1D3,d1E3,d1F3,d1G3,d1H3,d1G12,d1B5,d1C5,d1D5,d1E5,d1F5,d1G5,d1H5,d1A7,d1B7,d1C7,d1D7,d1E7,d1F7,d1G7,d1H7,d1A9,d1B9,d1C9,d1D9,d1E9,d1F9,d1G9,d1H9,d1A10,d1B10,d1C10,d1D10,d1E10,d1F10,d1G10,d1H10,d1A11,d1B11,d1C11,d1D11,d1E11,d1F11,d1G11,d1H11,d2B12,d2B1,d2C1,d2D1,d2E1,d2F1,d2G1,d2C12,d2A3,d2B3,d2C3,d2D3,d2E3,d2F3,d2G3,d2H3,d2G12,d2B5,d2C5,d2D5,d2E5,d2F5,d2G5,d2H5,d2A7,d2B7,d2C7,d2D7,d2E7,d2F7,d2G7,d2H7,d2A9,d2B9,d2C9,d2D9,d2E9,d2F9,d2G9,d2H9,d2A10,d2B10,d2C10,d2D10,d2E10,d2F10,d2G10,d2H10,d2A11,d2B11,d2C11,d2D11,d2E11,d2F11,d2G11,d2H11
0ANCE_R5,10,Ion_18,Ion_R2,MPA_Plate,Ancestral,0,0,CM,0,5,d1C2,d1B12,d1B1,d1C1,d1D1,d1E1,d1F1,d1G1,d1C12,d1A3,d1B3,d1C3,d1D3,d1E3,d1F3,d1G3,d1H3,d1G12,d1B5,d1C5,d1D5,d1E5,d1F5,d1G5,d1H5,d1A7,d1B7,d1C7,d1D7,d1E7,d1F7,d1G7,d1H7,d1A9,d1B9,d1C9,d1D9,d1E9,d1F9,d1G9,d1H9,d1A10,d1B10,d1C10,d1D10,d1E10,d1F10,d1G10,d1H10,d1A11,d1B11,d1C11,d1D11,d1E11,d1F11,d1G11,d1H11,d2B12,d2B1,d2C1,d2D1,d2E1,d2F1,d2G1,d2C12,d2A3,d2B3,d2C3,d2D3,d2E3,d2F3,d2G3,d2H3,d2G12,d2B5,d2C5,d2D5,d2E5,d2F5,d2G5,d2H5,d2A7,d2B7,d2C7,d2D7,d2E7,d2F7,d2G7,d2H7,d2A9,d2B9,d2C9,d2D9,d2E9,d2F9,d2G9,d2H9,d2A10,d2B10,d2C10,d2D10,d2E10,d2F10,d2G10,d2H10,d2A11,d2B11,d2C11,d2D11,d2E11,d2F11,d2G11,d2H11
0SALT_A_R1,11,Ion_18,Ion_R3,MPA_Plate,SALT_A,500,0,CM,0,1,d1C2,d1B12,d1B1,d1C1,d1D1,d1E1,d1F1,d1G1,d1C12,d1A3,d1B3,d1C3,d1D3,d1E3,d1F3,d1G3,d1H3,d1G12,d1B5,d1C5,d1D5,d1E5,d1F5,d1G5,d1H5,d1A7,d1B7,d1C7,d1D7,d1E7,d1F7,d1G7,d1H7,d1A9,d1B9,d1C9,d1D9,d1E9,d1F9,d1G9,d1H9,d1A10,d1B10,d1C10,d1D10,d1E10,d1F10,d1G10,d1H10,d1A11,d1B11,d1C11,d1D11,d1E11,d1F11,d1G11,d1H11,d2B12,d2B1,d2C1,d2D1,d2E1,d2F1,d2G1,d2C12,d2A3,d2B3,d2C3,d2D3,d2E3,d2F3,d2G3,d2H3,d2G12,d2B5,d2C5,d2D5,d2E5,d2F5,d2G5,d2H5,d2A7,d2B7,d2C7,d2D7,d2E7,d2F7,d2G7,d2H7,d2A9,d2B9,d2C9,d2D9,d2E9,d2F9,d2G9,d2H9,d2A10,d2B10,d2C10,d2D10,d2E10,d2F10,d2G10,d2H10,d2A11,d2B11,d2C11,d2D11,d2E11,d2F11,d2G11,d2H11
0SALT_A_R2,12,Ion_18,Ion_R4,MPA_Plate,SALT_A,500,0,CM,0,2,d1C2,d1B12,d1B1,d1C1,d1D1,d1E1,d1F1,d1G1,d1C12,d1A3,d1B3,d1C3,d1D3,d1E3,d1F3,d1G3,d1H3,d1G12,d1B5,d1C5,d1D5,d1E5,d1F5,d1G5,d1H5,d1A7,d1B7,d1C7,d1D7,d1E7,d1F7,d1G7,d1H7,d1A9,d1B9,d1C9,d1D9,d1E9,d1F9,d1G9,d1H9,d1A10,d1B10,d1C10,d1D10,d1E10,d1F10,d1G10,d1H10,d1A11,d1B11,d1C11,d1D11,d1E11,d1F11,d1G11,d1H11,d2B12,d2B1,d2C1,d2D1,d2E1,d2F1,d2G1,d2C12,d2A3,d2B3,d2C3,d2D3,d2E3,d2F3,d2G3,d2H3,d2G12,d2B5,d2C5,d2D5,d2E5,d2F5,d2G5,d2H5,d2A7,d2B7,d2C7,d2D7,d2E7,d2F7,d2G7,d2H7,d2A9,d2B9,d2C9,d2D9,d2E9,d2F9,d2G9,d2H9,d2A10,d2B10,d2C10,d2D10,d2E10,d2F10,d2G10,d2H10,d2A11,d2B11,d2C11,d2D11,d2E11,d2F11,d2G11,d2H11
0SALT_A_R3,13,Ion_18,Ion_R5,MPA_Plate,SALT_A,500,0,CM,0,3,d1C2,d1B12,d1B1,d1C1,d1D1,d1E1,d1F1,d1G1,d1C12,d1A3,d1B3,d1C3,d1D3,d1E3,d1F3,d1G3,d1H3,d1G12,d1B5,d1C5,d1D5,d1E5,d1F5,d1G5,d1H5,d1A7,d1B7,d1C7,d1D7,d1E7,d1F7,d1G7,d1H7,d1A9,d1B9,d1C9,d1D9,d1E9,d1F9,d1G9,d1H9,d1A10,d1B10,d1C10,d1D10,d1E10,d1F10,d1G10,d1H10,d1A11,d1B11,d1C11,d1D11,d1E11,d1F11,d1G11,d1H11,d2B12,d2B1,d2C1,d2D1,d2E1,d2F1,d2G1,d2C12,d2A3,d2B3,d2C3,d2D3,d2E3,d2F3,d2G3,d2H3,d2G12,d2B5,d2C5,d2D5,d2E5,d2F5,d2G5,d2H5,d2A7,d2B7,d2C7,d2D7,d2E7,d2F7,d2G7,d2H7,d2A9,d2B9,d2C9,d2D9,d2E9,d2F9,d2G9,d2H9,d2A10,d2B10,d2C10,d2D10,d2E10,d2F10,d2G10,d2H10,d2A11,d2B11,d2C11,d2D11,d2E11,d2F11,d2G11,d2H11
0SALT_A_R4,14,Ion_18,Ion_R6,MPA_Plate,SALT_A,500,0,CM,0,4,d1C2,d1B12,d1B1,d1C1,d1D1,d1E1,d1F1,d1G1,d1C12,d1A3,d1B3,d1C3,d1D3,d1E3,d1F3,d1G3,d1H3,d1G12,d1B5,d1C5,d1D5,d1E5,d1F5,d1G5,d1H5,d1A7,d1B7,d1C7,d1D7,d1E7,d1F7,d1G7,d1H7,d1A9,d1B9,d1C9,d1D9,d1E9,d1F9,d1G9,d1H9,d1A10,d1B10,d1C10,d1D10,d1E10,d1F10,d1G10,d1H10,d1A11,d1B11,d1C11,d1D11,d1E11,d1F11,d1G11,d1H11,d2B12,d2B1,d2C1,d2D1,d2E1,d2F1,d2G1,d2C12,d2A3,d2B3,d2C3,d2D3,d2E3,d2F3,d2G3,d2H3,d2G12,d2B5,d2C5,d2D5,d2E5,d2F5,d2G5,d2H5,d2A7,d2B7,d2C7,d2D7,d2E7,d2F7,d2G7,d2H7,d2A9,d2B9,d2C9,d2D9,d2E9,d2F9,d2G9,d2H9,d2A10,d2B10,d2C10,d2D10,d2E10,d2F10,d2G10,d2H10,d2A11,d2B11,d2C11,d2D11,d2E11,d2F11,d2G11,d2H11
0SALT_A_R5,15,Ion_18,Ion_R7,MPA_Plate,SALT_A,500,0,CM,0,5,d1C2,d1B12,d1B1,d1C1,d1D1,d1E1,d1F1,d1G1,d1C12,d1A3,d1B3,d1C3,d1D3,d1E3,d1F3,d1G3,d1H3,d1G12,d1B5,d1C5,d1D5,d1E5,d1F5,d1G5,d1H5,d1A7,d1B7,d1C7,d1D7,d1E7,d1F7,d1G7,d1H7,d1A9,d1B9,d1C9,d1D9,d1E9,d1F9,d1G9,d1H9,d1A10,d1B10,d1C10,d1D10,d1E10,d1F10,d1G10,d1H10,d1A11,d1B11,d1C11,d1D11,d1E11,d1F11,d1G11,d1H11,d2B12,d2B1,d2C1,d2D1,d2E1,d2F1,d2G1,d2C12,d2A3,d2B3,d2C3,d2D3,d2E3,d2F3,d2G3,d2H3,d2G12,d2B5,d2C5,d2D5,d2E5,d2F5,d2G5,d2H5,d2A7,d2B7,d2C7,d2D7,d2E7,d2F7,d2G7,d2H7,d2A9,d2B9,d2C9,d2D9,d2E9,d2F9,d2G9,d2H9,d2A10,d2B10,d2C10,d2D10,d2E10,d2F10,d2G10,d2H10,d2A11,d2B11,d2C11,d2D11,d2E11,d2F11,d2G11,d2H11
0SALT_B_R1,16,Ion_18,Ion_R8,MPA_Plate,SALT_B,500,0,CM,0,1,d1C2,d1B12,d1B1,d1C1,d1D1,d1E1,d1F1,d1G1,d1C12,d1A3,d1B3,d1C3,d1D3,d1E3,d1F3,d1G3,d1H3,d1G12,d1B5,d1C5,d1D5,d1E5,d1F5,d1G5,d1H5,d1A7,d1B7,d1C7,d1D7,d1E7,d1F7,d1G7,d1H7,d1A9,d1B9,d1C9,d1D9,d1E9,d1F9,d1G9,d1H9,d1A10,d1B10,d1C10,d1D10,d1E10,d1F10,d1G10,d1H10,d1A11,d1B11,d1C11,d1D11,d1E11,d1F11,d1G11,d1H11,d2B12,d2B1,d2C1,d2D1,d2E1,d2F1,d2G1,d2C12,d2A3,d2B3,d2C3,d2D3,d2E3,d2F3,d2G3,d2H3,d2G12,d2B5,d2C5,d2D5,d2E5,d2F5,d2G5,d2H5,d2A7,d2B7,d2C7,d2D7,d2E7,d2F7,d2G7,d2H7,d2A9,d2B9,d2C9,d2D9,d2E9,d2F9,d2G9,d2H9,d2A10,d2B10,d2C10,d2D10,d2E10,d2F10,d2G10,d2H10,d2A11,d2B11,d2C11,d2D11,d2E11,d2F11,d2G11,d2H11
0SALT_B_R2,17,Ion_19,Ion_R1,MPA_Plate,SALT_B,500,0,CM,0,2,d1C2,d1B12,d1B1,d1C1,d1D1,d1E1,d1F1,d1G1,d1C12,d1A3,d1B3,d1C3,d1D3,d1E3,d1F3,d1G3,d1H3,d1G12,d1B5,d1C5,d1D5,d1E5,d1F5,d1G5,d1H5,d1A7,d1B7,d1C7,d1D7,d1E7,d1F7,d1G7,d1H7,d1A9,d1B9,d1C9,d1D9,d1E9,d1F9,d1G9,d1H9,d1A10,d1B10,d1C10,d1D10,d1E10,d1F10,d1G10,d1H10,d1A11,d1B11,d1C11,d1D11,d1E11,d1F11,d1G11,d1H11,d2B12,d2B1,d2C1,d2D1,d2E1,d2F1,d2G1,d2C12,d2A3,d2B3,d2C3,d2D3,d2E3,d2F3,d2G3,d2H3,d2G12,d2B5,d2C5,d2D5,d2E5,d2F5,d2G5,d2H5,d2A7,d2B7,d2C7,d2D7,d2E7,d2F7,d2G7,d2H7,d2A9,d2B9,d2C9,d2D9,d2E9,d2F9,d2G9,d2H9,d2A10,d2B10,d2C10,d2D10,d2E10,d2F10,d2G10,d2H10,d2A11,d2B11,d2C11,d2D11,d2E11,d2F11,d2G11,d2H11
0SALT_B_R3,18,Ion_19,Ion_R2,MPA_Plate,SALT_B,500,0,CM,0,3,d1C2,d1B12,d1B1,d1C1,d1D1,d1E1,d1F1,d1G1,d1C12,d1A3,d1B3,d1C3,d1D3,d1E3,d1F3,d1G3,d1H3,d1G12,d1B5,d1C5,d1D5,d1E5,d1F5,d1G5,d1H5,d1A7,d1B7,d1C7,d1D7,d1E7,d1F7,d1G7,d1H7,d1A9,d1B9,d1C9,d1D9,d1E9,d1F9,d1G9,d1H9,d1A10,d1B10,d1C10,d1D10,d1E10,d1F10,d1G10,d1H10,d1A11,d1B11,d1C11,d1D11,d1E11,d1F11,d1G11,d1H11,d2B12,d2B1,d2C1,d2D1,d2E1,d2F1,d2G1,d2C12,d2A3,d2B3,d2C3,d2D3,d2E3,d2F3,d2G3,d2H3,d2G12,d2B5,d2C5,d2D5,d2E5,d2F5,d2G5,d2H5,d2A7,d2B7,d2C7,d2D7,d2E7,d2F7,d2G7,d2H7,d2A9,d2B9,d2C9,d2D9,d2E9,d2F9,d2G9,d2H9,d2A10,d2B10,d2C10,d2D10,d2E10,d2F10,d2G10,d2H10,d2A11,d2B11,d2C11,d2D11,d2E11,d2F11,d2G11,d2H11
0SALT_B_R4,19,Ion_19,Ion_R3,MPA_Plate,SALT_B,500,0,CM,0,4,d1C2,d1B12,d1B1,d1C1,d1D1,d1E1,d1F1,d1G1,d1C12,d1A3,d1B3,d1C3,d1D3,d1E3,d1F3,d1G3,d1H3,d1G12,d1B5,d1C5,d1D5,d1E5,d1F5,d1G5,d1H5,d1A7,d1B7,d1C7,d1D7,d1E7,d1F7,d1G7,d1H7,d1A9,d1B9,d1C9,d1D9,d1E9,d1F9,d1G9,d1H9,d1A10,d1B10,d1C10,d1D10,d1E10,d1F10,d1G10,d1H10,d1A11,d1B11,d1C11,d1D11,d1E11,d1F11,d1G11,d1H11,d2B12,d2B1,d2C1,d2D1,d2E1,d2F1,d2G1,d2C12,d2A3,d2B3,d2C3,d2D3,d2E3,d2F3,d2G3,d2H3,d2G12,d2B5,d2C5,d2D5,d2E5,d2F5,d2G5,d2H5,d2A7,d2B7,d2C7,d2D7,d2E7,d2F7,d2G7,d2H7,d2A9,d2B9,d2C9,d2D9,d2E9,d2F9,d2G9,d2H9,d2A10,d2B10,d2C10,d2D10,d2E10,d2F10,d2G10,d2H10,d2A11,d2B11,d2C11,d2D11,d2E11,d2F11,d2G11,d2H11
0SALT_B_R5,20,Ion_19,Ion_R4,MPA_Plate,SALT_B,500,0,CM,0,5,d1C2,d1B12,d1B1,d1C1,d1D1,d1E1,d1F1,d1G1,d1C12,d1A3,d1B3,d1C3,d1D3,d1E3,d1F3,d1G3,d1H3,d1G12,d1B5,d1C5,d1D5,d1E5,d1F5,d1G5,d1H5,d1A7,d1B7,d1C7,d1D7,d1E7,d1F7,d1G7,d1H7,d1A9,d1B9,d1C9,d1D9,d1E9,d1F9,d1G9,d1H9,d1A10,d1B10,d1C10,d1D10,d1E10,d1F10,d1G10,d1H10,d1A11,d1B11,d1C11,d1D11,d1E11,d1F11,d1G11,d1H11,d2B12,d2B1,d2C1,d2D1,d2E1,d2F1,d2G1,d2C12,d2A3,d2B3,d2C3,d2D3,d2E3,d2F3,d2G3,d2H3,d2G12,d2B5,d2C5,d2D5,d2E5,d2F5,d2G5,d2H5,d2A7,d2B7,d2C7,d2D7,d2E7,d2F7,d2G7,d2H7,d2A9,d2B9,d2C9,d2D9,d2E9,d2F9,d2G9,d2H9,d2A10,d2B10,d2C10,d2D10,d2E10,d2F10,d2G10,d2H10,d2A11,d2B11,d2C11,d2D11,d2E11,d2F11,d2G11,d2H11
0COPR_A_R1,21,Ion_19,Ion_R5,MPA_Plate,COPR_A,500,0,CM,0,1,d1C2,d1B12,d1B1,d1C1,d1D1,d1E1,d1F1,d1G1,d1C12,d1A3,d1B3,d1C3,d1D3,d1E3,d1F3,d1G3,d1H3,d1G12,d1B5,d1C5,d1D5,d1E5,d1F5,d1G5,d1H5,d1A7,d1B7,d1C7,d1D7,d1E7,d1F7,d1G7,d1H7,d1A9,d1B9,d1C9,d1D9,d1E9,d1F9,d1G9,d1H9,d1A10,d1B10,d1C10,d1D10,d1E10,d1F10,d1G10,d1H10,d1A11,d1B11,d1C11,d1D11,d1E11,d1F11,d1G11,d1H11,d2B12,d2B1,d2C1,d2D1,d2E1,d2F1,d2G1,d2C12,d2A3,d2B3,d2C3,d2D3,d2E3,d2F3,d2G3,d2H3,d2G12,d2B5,d2C5,d2D5,d2E5,d2F5,d2G5,d2H5,d2A7,d2B7,d2C7,d2D7,d2E7,d2F7,d2G7,d2H7,d2A9,d2B9,d2C9,d2D9,d2E9,d2F9,d2G9,d2H9,d2A10,d2B10,d2C10,d2D10,d2E10,d2F10,d2G10,d2H10,d2A11,d2B11,d2C11,d2D11,d2E11,d2F11,d2G11,d2H11
0COPR_A_R2,22,Ion_19,Ion_R6,MPA_Plate,COPR_A,500,0,CM,0,2,d1C2,d1B12,d1B1,d1C1,d1D1,d1E1,d1F1,d1G1,d1C12,d1A3,d1B3,d1C3,d1D3,d1E3,d1F3,d1G3,d1H3,d1G12,d1B5,d1C5,d1D5,d1E5,d1F5,d1G5,d1H5,d1A7,d1B7,d1C7,d1D7,d1E7,d1F7,d1G7,d1H7,d1A9,d1B9,d1C9,d1D9,d1E9,d1F9,d1G9,d1H9,d1A10,d1B10,d1C10,d1D10,d1E10,d1F10,d1G10,d1H10,d1A11,d1B11,d1C11,d1D11,d1E11,d1F11,d1G11,d1H11,d2B12,d2B1,d2C1,d2D1,d2E1,d2F1,d2G1,d2C12,d2A3,d2B3,d2C3,d2D3,d2E3,d2F3,d2G3,d2H3,d2G12,d2B5,d2C5,d2D5,d2E5,d2F5,d2G5,d2H5,d2A7,d2B7,d2C7,d2D7,d2E7,d2F7,d2G7,d2H7,d2A9,d2B9,d2C9,d2D9,d2E9,d2F9,d2G9,d2H9,d2A10,d2B10,d2C10,d2D10,d2E10,d2F10,d2G10,d2H10,d2A11,d2B11,d2C11,d2D11,d2E11,d2F11,d2G11,d2H11
0COPR_A_R3,23,Ion_19,Ion_R7,MPA_Plate,COPR_A,500,0,CM,0,3,d1C2,d1B12,d1B1,d1C1,d1D1,d1E1,d1F1,d1G1,d1C12,d1A3,d1B3,d1C3,d1D3,d1E3,d1F3,d1G3,d1H3,d1G12,d1B5,d1C5,d1D5,d1E5,d1F5,d1G5,d1H5,d1A7,d1B7,d1C7,d1D7,d1E7,d1F7,d1G7,d1H7,d1A9,d1B9,d1C9,d1D9,d1E9,d1F9,d1G9,d1H9,d1A10,d1B10,d1C10,d1D10,d1E10,d1F10,d1G10,d1H10,d1A11,d1B11,d1C11,d1D11,d1E11,d1F11,d1G11,d1H11,d2B12,d2B1,d2C1,d2D1,d2E1,d2F1,d2G1,d2C12,d2A3,d2B3,d2C3,d2D3,d2E3,d2F3,d2G3,d2H3,d2G12,d2B5,d2C5,d2D5,d2E5,d2F5,d2G5,d2H5,d2A7,d2B7,d2C7,d2D7,d2E7,d2F7,d2G7,d2H7,d2A9,d2B9,d2C9,d2D9,d2E9,d2F9,d2G9,d2H9,d2A10,d2B10,d2C10,d2D10,d2E10,d2F10,d2G10,d2H10,d2A11,d2B11,d2C11,d2D11,d2E11,d2F11,d2G11,d2H11
0COPR_A_R4,24,Ion_19,Ion_R8,MPA_Plate,COPR_A,500,0,CM,0,4,d1C2,d1B12,d1B1,d1C1,d1D1,d1E1,d1F1,d1G1,d1C12,d1A3,d1B3,d1C3,d1D3,d1E3,d1F3,d1G3,d1H3,d1G12,d1B5,d1C5,d1D5,d1E5,d1F5,d1G5,d1H5,d1A7,d1B7,d1C7,d1D7,d1E7,d1F7,d1G7,d1H7,d1A9,d1B9,d1C9,d1D9,d1E9,d1F9,d1G9,d1H9,d1A10,d1B10,d1C10,d1D10,d1E10,d1F10,d1G10,d1H10,d1A11,d1B11,d1C11,d1D11,d1E11,d1F11,d1G11,d1H11,d2B12,d2B1,d2C1,d2D1,d2E1,d2F1,d2G1,d2C12,d2A3,d2B3,d2C3,d2D3,d2E3,d2F3,d2G3,d2H3,d2G12,d2B5,d2C5,d2D5,d2E5,d2F5,d2G5,d2H5,d2A7,d2B7,d2C7,d2D7,d2E7,d2F7,d2G7,d2H7,d2A9,d2B9,d2C9,d2D9,d2E9,d2F9,d2G9,d2H9,d2A10,d2B10,d2C10,d2D10,d2E10,d2F10,d2G10,d2H10,d2A11,d2B11,d2C11,d2D11,d2E11,d2F11,d2G11,d2H11
0COPR_A_R5,25,Ion_20,Ion_R1,MPA_Plate,COPR_A,500,0,CM,0,5,d1C2,d1B12,d1B1,d1C1,d1D1,d1E1,d1F1,d1G1,d1C12,d1A3,d1B3,d1C3,d1D3,d1E3,d1F3,d1G3,d1H3,d1G12,d1B5,d1C5,d1D5,d1E5,d1F5,d1G5,d1H5,d1A7,d1B7,d1C7,d1D7,d1E7,d1F7,d1G7,d1H7,d1A9,d1B9,d1C9,d1D9,d1E9,d1F9,d1G9,d1H9,d1A10,d1B10,d1C10,d1D10,d1E10,d1F10,d1G10,d1H10,d1A11,d1B11,d1C11,d1D11,d1E11,d1F11,d1G11,d1H11,d2B12,d2B1,d2C1,d2D1,d2E1,d2F1,d2G1,d2C12,d2A3,d2B3,d2C3,d2D3,d2E3,d2F3,d2G3,d2H3,d2G12,d2B5,d2C5,d2D5,d2E5,d2F5,d2G5,d2H5,d2A7,d2B7,d2C7,d2D7,d2E7,d2F7,d2G7,d2H7,d2A9,d2B9,d2C9,d2D9,d2E9,d2F9,d2G9,d2H9,d2A10,d2B10,d2C10,d2D10,d2E10,d2F10,d2G10,d2H10,d2A11,d2B11,d2C11,d2D11,d2E11,d2F11,d2G11,d2H11
0COPR_B_R1,26,Ion_20,Ion_R2,MPA_Plate,COPR_B,500,0,CM,0,1,d1C2,d1B12,d1B1,d1C1,d1D1,d1E1,d1F1,d1G1,d1C12,d1A3,d1B3,d1C3,d1D3,d1E3,d1F3,d1G3,d1H3,d1G12,d1B5,d1C5,d1D5,d1E5,d1F5,d1G5,d1H5,d1A7,d1B7,d1C7,d1D7,d1E7,d1F7,d1G7,d1H7,d1A9,d1B9,d1C9,d1D9,d1E9,d1F9,d1G9,d1H9,d1A10,d1B10,d1C10,d1D10,d1E10,d1F10,d1G10,d1H10,d1A11,d1B11,d1C11,d1D11,d1E11,d1F11,d1G11,d1H11,d2B12,d2B1,d2C1,d2D1,d2E1,d2F1,d2G1,d2C12,d2A3,d2B3,d2C3,d2D3,d2E3,d2F3,d2G3,d2H3,d2G12,d2B5,d2C5,d2D5,d2E5,d2F5,d2G5,d2H5,d2A7,d2B7,d2C7,d2D7,d2E7,d2F7,d2G7,d2H7,d2A9,d2B9,d2C9,d2D9,d2E9,d2F9,d2G9,d2H9,d2A10,d2B10,d2C10,d2D10,d2E10,d2F10,d2G10,d2H10,d2A11,d2B11,d2C11,d2D11,d2E11,d2F11,d2G11,d2H11
0COPR_B_R2,27,Ion_20,Ion_R3,MPA_Plate,COPR_B,500,0,CM,0,2,d1C2,d1B12,d1B1,d1C1,d1D1,d1E1,d1F1,d1G1,d1C12,d1A3,d1B3,d1C3,d1D3,d1E3,d1F3,d1G3,d1H3,d1G12,d1B5,d1C5,d1D5,d1E5,d1F5,d1G5,d1H5,d1A7,d1B7,d1C7,d1D7,d1E7,d1F7,d1G7,d1H7,d1A9,d1B9,d1C9,d1D9,d1E9,d1F9,d1G9,d1H9,d1A10,d1B10,d1C10,d1D10,d1E10,d1F10,d1G10,d1H10,d1A11,d1B11,d1C11,d1D11,d1E11,d1F11,d1G11,d1H11,d2B12,d2B1,d2C1,d2D1,d2E1,d2F1,d2G1,d2C12,d2A3,d2B3,d2C3,d2D3,d2E3,d2F3,d2G3,d2H3,d2G12,d2B5,d2C5,d2D5,d2E5,d2F5,d2G5,d2H5,d2A7,d2B7,d2C7,d2D7,d2E7,d2F7,d2G7,d2H7,d2A9,d2B9,d2C9,d2D9,d2E9,d2F9,d2G9,d2H9,d2A10,d2B10,d2C10,d2D10,d2E10,d2F10,d2G10,d2H10,d2A11,d2B11,d2C11,d2D11,d2E11,d2F11,d2G11,d2H11
0COPR_B_R3,28,Ion_20,Ion_R4,MPA_Plate,COPR_B,500,0,CM,0,3,d1C2,d1B12,d1B1,d1C1,d1D1,d1E1,d1F1,d1G1,d1C12,d1A3,d1B3,d1C3,d1D3,d1E3,d1F3,d1G3,d1H3,d1G12,d1B5,d1C5,d1D5,d1E5,d1F5,d1G5,d1H5,d1A7,d1B7,d1C7,d1D7,d1E7,d1F7,d1G7,d1H7,d1A9,d1B9,d1C9,d1D9,d1E9,d1F9,d1G9,d1H9,d1A10,d1B10,d1C10,d1D10,d1E10,d1F10,d1G10,d1H10,d1A11,d1B11,d1C11,d1D11,d1E11,d1F11,d1G11,d1H11,d2B12,d2B1,d2C1,d2D1,d2E1,d2F1,d2G1,d2C12,d2A3,d2B3,d2C3,d2D3,d2E3,d2F3,d2G3,d2H3,d2G12,d2B5,d2C5,d2D5,d2E5,d2F5,d2G5,d2H5,d2A7,d2B7,d2C7,d2D7,d2E7,d2F7,d2G7,d2H7,d2A9,d2B9,d2C9,d2D9,d2E9,d2F9,d2G9,d2H9,d2A10,d2B10,d2C10,d2D10,d2E10,d2F10,d2G10,d2H10,d2A11,d2B11,d2C11,d2D11,d2E11,d2F11,d2G11,d2H11
0COPR_B_R4,29,Ion_20,Ion_R5,MPA_Plate,COPR_B,500,0,CM,0,4,d1C2,d1B12,d1B1,d1C1,d1D1,d1E1,d1F1,d1G1,d1C12,d1A3,d1B3,d1C3,d1D3,d1E3,d1F3,d1G3,d1H3,d1G12,d1B5,d1C5,d1D5,d1E5,d1F5,d1G5,d1H5,d1A7,d1B7,d1C7,d1D7,d1E7,d1F7,d1G7,d1H7,d1A9,d1B9,d1C9,d1D9,d1E9,d1F9,d1G9,d1H9,d1A10,d1B10,d1C10,d1D10,d1E10,d1F10,d1G10,d1H10,d1A11,d1B11,d1C11,d1D11,d1E11,d1F11,d1G11,d1H11,d2B12,d2B1,d2C1,d2D1,d2E1,d2F1,d2G1,d2C12,d2A3,d2B3,d2C3,d2D3,d2E3,d2F3,d2G3,d2H3,d2G12,d2B5,d2C5,d2D5,d2E5,d2F5,d2G5,d2H5,d2A7,d2B7,d2C7,d2D7,d2E7,d2F7,d2G7,d2H7,d2A9,d2B9,d2C9,d2D9,d2E9,d2F9,d2G9,d2H9,d2A10,d2B10,d2C10,d2D10,d2E10,d2F10,d2G10,d2H10,d2A11,d2B11,d2C11,d2D11,d2E11,d2F11,d2G11,d2H11
0COPR_B_R5,30,Ion_20,Ion_R6,MPA_Plate,COPR_B,500,0,CM,0,5,d1C2,d1B12,d1B1,d1C1,d1D1,d1E1,d1F1,d1G1,d1C12,d1A3,d1B3,d1C3,d1D3,d1E3,d1F3,d1G3,d1H3,d1G12,d1B5,d1C5,d1D5,d1E5,d1F5,d1G5,d1H5,d1A7,d1B7,d1C7,d1D7,d1E7,d1F7,d1G7,d1H7,d1A9,d1B9,d1C9,d1D9,d1E9,d1F9,d1G9,d1H9,d1A10,d1B10,d1C10,d1D10,d1E10,d1F10,d1G10,d1H10,d1A11,d1B11,d1C11,d1D11,d1E11,d1F11,d1G11,d1H11,d2B12,d2B1,d2C1,d2D1,d2E1,d2F1,d2G1,d2C12,d2A3,d2B3,d2C3,d2D3,d2E3,d2F3,d2G3,d2H3,d2G12,d2B5,d2C5,d2D5,d2E5,d2F5,d2G5,d2H5,d2A7,d2B7,d2C7,d2D7,d2E7,d2F7,d2G7,d2H7,d2A9,d2B9,d2C9,d2D9,d2E9,d2F9,d2G9,d2H9,d2A10,d2B10,d2C10,d2D10,d2E10,d2F10,d2G10,d2H10,d2A11,d2B11,d2C11,d2D11,d2E11,d2F11,d2G11,d2H11
3ANCE_NS_R1,31,Ion_20,Ion_R7,MPA_Plate,Ancestral,0,2,CM,0,1,d1C2,d1B12,d1B1,d1C1,d1D1,d1E1,d1F1,d1G1,d1C12,d1A3,d1B3,d1C3,d1D3,d1E3,d1F3,d1G3,d1H3,d1G12,d1B5,d1C5,d1D5,d1E5,d1F5,d1G5,d1H5,d1A7,d1B7,d1C7,d1D7,d1E7,d1F7,d1G7,d1H7,d1A9,d1B9,d1C9,d1D9,d1E9,d1F9,d1G9,d1H9,d1A10,d1B10,d1C10,d1D10,d1E10,d1F10,d1G10,d1H10,d1A11,d1B11,d1C11,d1D11,d1E11,d1F11,d1G11,d1H11,d2B12,d2B1,d2C1,d2D1,d2E1,d2F1,d2G1,d2C12,d2A3,d2B3,d2C3,d2D3,d2E3,d2F3,d2G3,d2H3,d2G12,d2B5,d2C5,d2D5,d2E5,d2F5,d2G5,d2H5,d2A7,d2B7,d2C7,d2D7,d2E7,d2F7,d2G7,d2H7,d2A9,d2B9,d2C9,d2D9,d2E9,d2F9,d2G9,d2H9,d2A10,d2B10,d2C10,d2D10,d2E10,d2F10,d2G10,d2H10,d2A11,d2B11,d2C11,d2D11,d2E11,d2F11,d2G11,d2H11
3ANCE_NS_R2,32,Ion_20,Ion_R8,MPA_Plate,Ancestral,0,2,CM,0,2,d1C2,d1B12,d1B1,d1C1,d1D1,d1E1,d1F1,d1G1,d1C12,d1A3,d1B3,d1C3,d1D3,d1E3,d1F3,d1G3,d1H3,d1G12,d1B5,d1C5,d1D5,d1E5,d1F5,d1G5,d1H5,d1A7,d1B7,d1C7,d1D7,d1E7,d1F7,d1G7,d1H7,d1A9,d1B9,d1C9,d1D9,d1E9,d1F9,d1G9,d1H9,d1A10,d1B10,d1C10,d1D10,d1E10,d1F10,d1G10,d1H10,d1A11,d1B11,d1C11,d1D11,d1E11,d1F11,d1G11,d1H11,d2B12,d2B1,d2C1,d2D1,d2E1,d2F1,d2G1,d2C12,d2A3,d2B3,d2C3,d2D3,d2E3,d2F3,d2G3,d2H3,d2G12,d2B5,d2C5,d2D5,d2E5,d2F5,d2G5,d2H5,d2A7,d2B7,d2C7,d2D7,d2E7,d2F7,d2G7,d2H7,d2A9,d2B9,d2C9,d2D9,d2E9,d2F9,d2G9,d2H9,d2A10,d2B10,d2C10,d2D10,d2E10,d2F10,d2G10,d2H10,d2A11,d2B11,d2C11,d2D11,d2E11,d2F11,d2G11,d2H11
3ANCE_NS_R3,33,Ion_21,Ion_R1,MPA_Plate,Ancestral,0,2,CM,0,3,d1C2,d1B12,d1B1,d1C1,d1D1,d1E1,d1F1,d1G1,d1C12,d1A3,d1B3,d1C3,d1D3,d1E3,d1F3,d1G3,d1H3,d1G12,d1B5,d1C5,d1D5,d1E5,d1F5,d1G5,d1H5,d1A7,d1B7,d1C7,d1D7,d1E7,d1F7,d1G7,d1H7,d1A9,d1B9,d1C9,d1D9,d1E9,d1F9,d1G9,d1H9,d1A10,d1B10,d1C10,d1D10,d1E10,d1F10,d1G10,d1H10,d1A11,d1B11,d1C11,d1D11,d1E11,d1F11,d1G11,d1H11,d2B12,d2B1,d2C1,d2D1,d2E1,d2F1,d2G1,d2C12,d2A3,d2B3,d2C3,d2D3,d2E3,d2F3,d2G3,d2H3,d2G12,d2B5,d2C5,d2D5,d2E5,d2F5,d2G5,d2H5,d2A7,d2B7,d2C7,d2D7,d2E7,d2F7,d2G7,d2H7,d2A9,d2B9,d2C9,d2D9,d2E9,d2F9,d2G9,d2H9,d2A10,d2B10,d2C10,d2D10,d2E10,d2F10,d2G10,d2H10,d2A11,d2B11,d2C11,d2D11,d2E11,d2F11,d2G11,d2H11
3ANCE_NS_R4,34,Ion_21,Ion_R2,MPA_Plate,Ancestral,0,2,CM,0,4,d1C2,d1B12,d1B1,d1C1,d1D1,d1E1,d1F1,d1G1,d1C12,d1A3,d1B3,d1C3,d1D3,d1E3,d1F3,d1G3,d1H3,d1G12,d1B5,d1C5,d1D5,d1E5,d1F5,d1G5,d1H5,d1A7,d1B7,d1C7,d1D7,d1E7,d1F7,d1G7,d1H7,d1A9,d1B9,d1C9,d1D9,d1E9,d1F9,d1G9,d1H9,d1A10,d1B10,d1C10,d1D10,d1E10,d1F10,d1G10,d1H10,d1A11,d1B11,d1C11,d1D11,d1E11,d1F11,d1G11,d1H11,d2B12,d2B1,d2C1,d2D1,d2E1,d2F1,d2G1,d2C12,d2A3,d2B3,d2C3,d2D3,d2E3,d2F3,d2G3,d2H3,d2G12,d2B5,d2C5,d2D5,d2E5,d2F5,d2G5,d2H5,d2A7,d2B7,d2C7,d2D7,d2E7,d2F7,d2G7,d2H7,d2A9,d2B9,d2C9,d2D9,d2E9,d2F9,d2G9,d2H9,d2A10,d2B10,d2C10,d2D10,d2E10,d2F10,d2G10,d2H10,d2A11,d2B11,d2C11,d2D11,d2E11,d2F11,d2G11,d2H11
3SALT_A_NS_R1,35,Ion_21,Ion_R3,MPA_Plate,SALT_A,500,2,CM,0,1,d1C2,d1B12,d1B1,d1C1,d1D1,d1E1,d1F1,d1G1,d1C12,d1A3,d1B3,d1C3,d1D3,d1E3,d1F3,d1G3,d1H3,d1G12,d1B5,d1C5,d1D5,d1E5,d1F5,d1G5,d1H5,d1A7,d1B7,d1C7,d1D7,d1E7,d1F7,d1G7,d1H7,d1A9,d1B9,d1C9,d1D9,d1E9,d1F9,d1G9,d1H9,d1A10,d1B10,d1C10,d1D10,d1E10,d1F10,d1G10,d1H10,d1A11,d1B11,d1C11,d1D11,d1E11,d1F11,d1G11,d1H11,d2B12,d2B1,d2C1,d2D1,d2E1,d2F1,d2G1,d2C12,d2A3,d2B3,d2C3,d2D3,d2E3,d2F3,d2G3,d2H3,d2G12,d2B5,d2C5,d2D5,d2E5,d2F5,d2G5,d2H5,d2A7,d2B7,d2C7,d2D7,d2E7,d2F7,d2G7,d2H7,d2A9,d2B9,d2C9,d2D9,d2E9,d2F9,d2G9,d2H9,d2A10,d2B10,d2C10,d2D10,d2E10,d2F10,d2G10,d2H10,d2A11,d2B11,d2C11,d2D11,d2E11,d2F11,d2G11,d2H11
3SALT_A_NS_R2,36,Ion_21,Ion_R4,MPA_Plate,SALT_A,500,2,CM,0,2,d1C2,d1B12,d1B1,d1C1,d1D1,d1E1,d1F1,d1G1,d1C12,d1A3,d1B3,d1C3,d1D3,d1E3,d1F3,d1G3,d1H3,d1G12,d1B5,d1C5,d1D5,d1E5,d1F5,d1G5,d1H5,d1A7,d1B7,d1C7,d1D7,d1E7,d1F7,d1G7,d1H7,d1A9,d1B9,d1C9,d1D9,d1E9,d1F9,d1G9,d1H9,d1A10,d1B10,d1C10,d1D10,d1E10,d1F10,d1G10,d1H10,d1A11,d1B11,d1C11,d1D11,d1E11,d1F11,d1G11,d1H11,d2B12,d2B1,d2C1,d2D1,d2E1,d2F1,d2G1,d2C12,d2A3,d2B3,d2C3,d2D3,d2E3,d2F3,d2G3,d2H3,d2G12,d2B5,d2C5,d2D5,d2E5,d2F5,d2G5,d2H5,d2A7,d2B7,d2C7,d2D7,d2E7,d2F7,d2G7,d2H7,d2A9,d2B9,d2C9,d2D9,d2E9,d2F9,d2G9,d2H9,d2A10,d2B10,d2C10,d2D10,d2E10,d2F10,d2G10,d2H10,d2A11,d2B11,d2C11,d2D11,d2E11,d2F11,d2G11,d2H11
3SALT_A_NS_R3,37,Ion_21,Ion_R5,MPA_Plate,SALT_A,500,2,CM,0,3,d1C2,d1B12,d1B1,d1C1,d1D1,d1E1,d1F1,d1G1,d1C12,d1A3,d1B3,d1C3,d1D3,d1E3,d1F3,d1G3,d1H3,d1G12,d1B5,d1C5,d1D5,d1E5,d1F5,d1G5,d1H5,d1A7,d1B7,d1C7,d1D7,d1E7,d1F7,d1G7,d1H7,d1A9,d1B9,d1C9,d1D9,d1E9,d1F9,d1G9,d1H9,d1A10,d1B10,d1C10,d1D10,d1E10,d1F10,d1G10,d1H10,d1A11,d1B11,d1C11,d1D11,d1E11,d1F11,d1G11,d1H11,d2B12,d2B1,d2C1,d2D1,d2E1,d2F1,d2G1,d2C12,d2A3,d2B3,d2C3,d2D3,d2E3,d2F3,d2G3,d2H3,d2G12,d2B5,d2C5,d2D5,d2E5,d2F5,d2G5,d2H5,d2A7,d2B7,d2C7,d2D7,d2E7,d2F7,d2G7,d2H7,d2A9,d2B9,d2C9,d2D9,d2E9,d2F9,d2G9,d2H9,d2A10,d2B10,d2C10,d2D10,d2E10,d2F10,d2G10,d2H10,d2A11,d2B11,d2C11,d2D11,d2E11,d2F11,d2G11,d2H11
3SALT_A_NS_R4,38,Ion_21,Ion_R6,MPA_Plate,SALT_A,500,2,CM,0,4,d1C2,d1B12,d1B1,d1C1,d1D1,d1E1,d1F1,d1G1,d1C12,d1A3,d1B3,d1C3,d1D3,d1E3,d1F3,d1G3,d1H3,d1G12,d1B5,d1C5,d1D5,d1E5,d1F5,d1G5,d1H5,d1A7,d1B7,d1C7,d1D7,d1E7,d1F7,d1G7,d1H7,d1A9,d1B9,d1C9,d1D9,d1E9,d1F9,d1G9,d1H9,d1A10,d1B10,d1C10,d1D10,d1E10,d1F10,d1G10,d1H10,d1A11,d1B11,d1C11,d1D11,d1E11,d1F11,d1G11,d1H11,d2B12,d2B1,d2C1,d2D1,d2E1,d2F1,d2G1,d2C12,d2A3,d2B3,d2C3,d2D3,d2E3,d2F3,d2G3,d2H3,d2G12,d2B5,d2C5,d2D5,d2E5,d2F5,d2G5,d2H5,d2A7,d2B7,d2C7,d2D7,d2E7,d2F7,d2G7,d2H7,d2A9,d2B9,d2C9,d2D9,d2E9,d2F9,d2G9,d2H9,d2A10,d2B10,d2C10,d2D10,d2E10,d2F10,d2G10,d2H10,d2A11,d2B11,d2C11,d2D11,d2E11,d2F11,d2G11,d2H11
3SALT_B_NS_R1,39,Ion_21,Ion_R7,MPA_Plate,SALT_B,500,2,CM,0,1,d1C2,d1B12,d1B1,d1C1,d1D1,d1E1,d1F1,d1G1,d1C12,d1A3,d1B3,d1C3,d1D3,d1E3,d1F3,d1G3,d1H3,d1G12,d1B5,d1C5,d1D5,d1E5,d1F5,d1G5,d1H5,d1A7,d1B7,d1C7,d1D7,d1E7,d1F7,d1G7,d1H7,d1A9,d1B9,d1C9,d1D9,d1E9,d1F9,d1G9,d1H9,d1A10,d1B10,d1C10,d1D10,d1E10,d1F10,d1G10,d1H10,d1A11,d1B11,d1C11,d1D11,d1E11,d1F11,d1G11,d1H11,d2B12,d2B1,d2C1,d2D1,d2E1,d2F1,d2G1,d2C12,d2A3,d2B3,d2C3,d2D3,d2E3,d2F3,d2G3,d2H3,d2G12,d2B5,d2C5,d2D5,d2E5,d2F5,d2G5,d2H5,d2A7,d2B7,d2C7,d2D7,d2E7,d2F7,d2G7,d2H7,d2A9,d2B9,d2C9,d2D9,d2E9,d2F9,d2G9,d2H9,d2A10,d2B10,d2C10,d2D10,d2E10,d2F10,d2G10,d2H10,d2A11,d2B11,d2C11,d2D11,d2E11,d2F11,d2G11,d2H11
3SALT_B_NS_R2,40,Ion_21,Ion_R8,MPA_Plate,SALT_B,500,2,CM,0,2,d1C2,d1B12,d1B1,d1C1,d1D1,d1E1,d1F1,d1G1,d1C12,d1A3,d1B3,d1C3,d1D3,d1E3,d1F3,d1G3,d1H3,d1G12,d1B5,d1C5,d1D5,d1E5,d1F5,d1G5,d1H5,d1A7,d1B7,d1C7,d1D7,d1E7,d1F7,d1G7,d1H7,d1A9,d1B9,d1C9,d1D9,d1E9,d1F9,d1G9,d1H9,d1A10,d1B10,d1C10,d1D10,d1E10,d1F10,d1G10,d1H10,d1A11,d1B11,d1C11,d1D11,d1E11,d1F11,d1G11,d1H11,d2B12,d2B1,d2C1,d2D1,d2E1,d2F1,d2G1,d2C12,d2A3,d2B3,d2C3,d2D3,d2E3,d2F3,d2G3,d2H3,d2G12,d2B5,d2C5,d2D5,d2E5,d2F5,d2G5,d2H5,d2A7,d2B7,d2C7,d2D7,d2E7,d2F7,d2G7,d2H7,d2A9,d2B9,d2C9,d2D9,d2E9,d2F9,d2G9,d2H9,d2A10,d2B10,d2C10,d2D10,d2E10,d2F10,d2G10,d2H10,d2A11,d2B11,d2C11,d2D11,d2E11,d2F11,d2G11,d2H11
3SALT_B_NS_R3,41,Ion_22,Ion_R1,MPA_Plate,SALT_B,500,2,CM,0,3,d1C2,d1B12,d1B1,d1C1,d1D1,d1E1,d1F1,d1G1,d1C12,d1A3,d1B3,d1C3,d1D3,d1E3,d1F3,d1G3,d1H3,d1G12,d1B5,d1C5,d1D5,d1E5,d1F5,d1G5,d1H5,d1A7,d1B7,d1C7,d1D7,d1E7,d1F7,d1G7,d1H7,d1A9,d1B9,d1C9,d1D9,d1E9,d1F9,d1G9,d1H9,d1A10,d1B10,d1C10,d1D10,d1E10,d1F10,d1G10,d1H10,d1A11,d1B11,d1C11,d1D11,d1E11,d1F11,d1G11,d1H11,d2B12,d2B1,d2C1,d2D1,d2E1,d2F1,d2G1,d2C12,d2A3,d2B3,d2C3,d2D3,d2E3,d2F3,d2G3,d2H3,d2G12,d2B5,d2C5,d2D5,d2E5,d2F5,d2G5,d2H5,d2A7,d2B7,d2C7,d2D7,d2E7,d2F7,d2G7,d2H7,d2A9,d2B9,d2C9,d2D9,d2E9,d2F9,d2G9,d2H9,d2A10,d2B10,d2C10,d2D10,d2E10,d2F10,d2G10,d2H10,d2A11,d2B11,d2C11,d2D11,d2E11,d2F11,d2G11,d2H11
3SALT_B_NS_R4,42,Ion_22,Ion_R2,MPA_Plate,SALT_B,500,2,CM,0,4,d1C2,d1B12,d1B1,d1C1,d1D1,d1E1,d1F1,d1G1,d1C12,d1A3,d1B3,d1C3,d1D3,d1E3,d1F3,d1G3,d1H3,d1G12,d1B5,d1C5,d1D5,d1E5,d1F5,d1G5,d1H5,d1A7,d1B7,d1C7,d1D7,d1E7,d1F7,d1G7,d1H7,d1A9,d1B9,d1C9,d1D9,d1E9,d1F9,d1G9,d1H9,d1A10,d1B10,d1C10,d1D10,d1E10,d1F10,d1G10,d1H10,d1A11,d1B11,d1C11,d1D11,d1E11,d1F11,d1G11,d1H11,d2B12,d2B1,d2C1,d2D1,d2E1,d2F1,d2G1,d2C12,d2A3,d2B3,d2C3,d2D3,d2E3,d2F3,d2G3,d2H3,d2G12,d2B5,d2C5,d2D5,d2E5,d2F5,d2G5,d2H5,d2A7,d2B7,d2C7,d2D7,d2E7,d2F7,d2G7,d2H7,d2A9,d2B9,d2C9,d2D9,d2E9,d2F9,d2G9,d2H9,d2A10,d2B10,d2C10,d2D10,d2E10,d2F10,d2G10,d2H10,d2A11,d2B11,d2C11,d2D11,d2E11,d2F11,d2G11,d2H11
3BLANK,43,Ion_22,Ion_R3,Growth_Blank,Growth_Blank,NA,NA,NA,NA,NA,,,,,,,,,,,,,,,,,,,,,,,,,,,,,,,,,,,,,,,,,,,,,,,,,,,,,,,,,,,,,,,,,,,,,,,,,,,,,,,,,,,,,,,,,,,,,,,,,,,,,,,,,,,,,,,,,
3BLANK,44,Ion_22,Ion_R4,Growth_Blank,Growth_Blank,NA,NA,NA,NA,NA,,,,,,,,,,,,,,,,,,,,,,,,,,,,,,,,,,,,,,,,,,,,,,,,,,,,,,,,,,,,,,,,,,,,,,,,,,,,,,,,,,,,,,,,,,,,,,,,,,,,,,,,,,,,,,,,,
3BLANK,45,Ion_22,Ion_R5,Growth_Blank,Growth_Blank,NA,NA,NA,NA,NA,,,,,,,,,,,,,,,,,,,,,,,,,,,,,,,,,,,,,,,,,,,,,,,,,,,,,,,,,,,,,,,,,,,,,,,,,,,,,,,,,,,,,,,,,,,,,,,,,,,,,,,,,,,,,,,,,
3BLANK,46,Ion_22,Ion_R6,Growth_Blank,Growth_Blank,NA,NA,NA,NA,NA,,,,,,,,,,,,,,,,,,,,,,,,,,,,,,,,,,,,,,,,,,,,,,,,,,,,,,,,,,,,,,,,,,,,,,,,,,,,,,,,,,,,,,,,,,,,,,,,,,,,,,,,,,,,,,,,,
3COPR_A_NS_R1,47,Ion_22,Ion_R7,MPA_Plate,COPR_A,500,2,CM,0,1,d1C2,d1B12,d1B1,d1C1,d1D1,d1E1,d1F1,d1G1,d1C12,d1A3,d1B3,d1C3,d1D3,d1E3,d1F3,d1G3,d1H3,d1G12,d1B5,d1C5,d1D5,d1E5,d1F5,d1G5,d1H5,d1A7,d1B7,d1C7,d1D7,d1E7,d1F7,d1G7,d1H7,d1A9,d1B9,d1C9,d1D9,d1E9,d1F9,d1G9,d1H9,d1A10,d1B10,d1C10,d1D10,d1E10,d1F10,d1G10,d1H10,d1A11,d1B11,d1C11,d1D11,d1E11,d1F11,d1G11,d1H11,d2B12,d2B1,d2C1,d2D1,d2E1,d2F1,d2G1,d2C12,d2A3,d2B3,d2C3,d2D3,d2E3,d2F3,d2G3,d2H3,d2G12,d2B5,d2C5,d2D5,d2E5,d2F5,d2G5,d2H5,d2A7,d2B7,d2C7,d2D7,d2E7,d2F7,d2G7,d2H7,d2A9,d2B9,d2C9,d2D9,d2E9,d2F9,d2G9,d2H9,d2A10,d2B10,d2C10,d2D10,d2E10,d2F10,d2G10,d2H10,d2A11,d2B11,d2C11,d2D11,d2E11,d2F11,d2G11,d2H11
3COPR_A_NS_R2,48,Ion_22,Ion_R8,MPA_Plate,COPR_A,500,2,CM,0,2,d1C2,d1B12,d1B1,d1C1,d1D1,d1E1,d1F1,d1G1,d1C12,d1A3,d1B3,d1C3,d1D3,d1E3,d1F3,d1G3,d1H3,d1G12,d1B5,d1C5,d1D5,d1E5,d1F5,d1G5,d1H5,d1A7,d1B7,d1C7,d1D7,d1E7,d1F7,d1G7,d1H7,d1A9,d1B9,d1C9,d1D9,d1E9,d1F9,d1G9,d1H9,d1A10,d1B10,d1C10,d1D10,d1E10,d1F10,d1G10,d1H10,d1A11,d1B11,d1C11,d1D11,d1E11,d1F11,d1G11,d1H11,d2B12,d2B1,d2C1,d2D1,d2E1,d2F1,d2G1,d2C12,d2A3,d2B3,d2C3,d2D3,d2E3,d2F3,d2G3,d2H3,d2G12,d2B5,d2C5,d2D5,d2E5,d2F5,d2G5,d2H5,d2A7,d2B7,d2C7,d2D7,d2E7,d2F7,d2G7,d2H7,d2A9,d2B9,d2C9,d2D9,d2E9,d2F9,d2G9,d2H9,d2A10,d2B10,d2C10,d2D10,d2E10,d2F10,d2G10,d2H10,d2A11,d2B11,d2C11,d2D11,d2E11,d2F11,d2G11,d2H11
3COPR_A_NS_R3,49,Ion_35,Ion_R1,MPA_Plate,COPR_A,500,2,CM,0,3,d1C2,d1B12,d1B1,d1C1,d1D1,d1E1,d1F1,d1G1,d1C12,d1A3,d1B3,d1C3,d1D3,d1E3,d1F3,d1G3,d1H3,d1G12,d1B5,d1C5,d1D5,d1E5,d1F5,d1G5,d1H5,d1A7,d1B7,d1C7,d1D7,d1E7,d1F7,d1G7,d1H7,d1A9,d1B9,d1C9,d1D9,d1E9,d1F9,d1G9,d1H9,d1A10,d1B10,d1C10,d1D10,d1E10,d1F10,d1G10,d1H10,d1A11,d1B11,d1C11,d1D11,d1E11,d1F11,d1G11,d1H11,d2B12,d2B1,d2C1,d2D1,d2E1,d2F1,d2G1,d2C12,d2A3,d2B3,d2C3,d2D3,d2E3,d2F3,d2G3,d2H3,d2G12,d2B5,d2C5,d2D5,d2E5,d2F5,d2G5,d2H5,d2A7,d2B7,d2C7,d2D7,d2E7,d2F7,d2G7,d2H7,d2A9,d2B9,d2C9,d2D9,d2E9,d2F9,d2G9,d2H9,d2A10,d2B10,d2C10,d2D10,d2E10,d2F10,d2G10,d2H10,d2A11,d2B11,d2C11,d2D11,d2E11,d2F11,d2G11,d2H11
3COPR_A_NS_R4,50,Ion_35,Ion_R2,MPA_Plate,COPR_A,500,2,CM,0,4,d1C2,d1B12,d1B1,d1C1,d1D1,d1E1,d1F1,d1G1,d1C12,d1A3,d1B3,d1C3,d1D3,d1E3,d1F3,d1G3,d1H3,d1G12,d1B5,d1C5,d1D5,d1E5,d1F5,d1G5,d1H5,d1A7,d1B7,d1C7,d1D7,d1E7,d1F7,d1G7,d1H7,d1A9,d1B9,d1C9,d1D9,d1E9,d1F9,d1G9,d1H9,d1A10,d1B10,d1C10,d1D10,d1E10,d1F10,d1G10,d1H10,d1A11,d1B11,d1C11,d1D11,d1E11,d1F11,d1G11,d1H11,d2B12,d2B1,d2C1,d2D1,d2E1,d2F1,d2G1,d2C12,d2A3,d2B3,d2C3,d2D3,d2E3,d2F3,d2G3,d2H3,d2G12,d2B5,d2C5,d2D5,d2E5,d2F5,d2G5,d2H5,d2A7,d2B7,d2C7,d2D7,d2E7,d2F7,d2G7,d2H7,d2A9,d2B9,d2C9,d2D9,d2E9,d2F9,d2G9,d2H9,d2A10,d2B10,d2C10,d2D10,d2E10,d2F10,d2G10,d2H10,d2A11,d2B11,d2C11,d2D11,d2E11,d2F11,d2G11,d2H11
3COPR_B_NS_R1,51,Ion_35,Ion_R3,MPA_Plate,COPR_B,500,2,CM,0,1,d1C2,d1B12,d1B1,d1C1,d1D1,d1E1,d1F1,d1G1,d1C12,d1A3,d1B3,d1C3,d1D3,d1E3,d1F3,d1G3,d1H3,d1G12,d1B5,d1C5,d1D5,d1E5,d1F5,d1G5,d1H5,d1A7,d1B7,d1C7,d1D7,d1E7,d1F7,d1G7,d1H7,d1A9,d1B9,d1C9,d1D9,d1E9,d1F9,d1G9,d1H9,d1A10,d1B10,d1C10,d1D10,d1E10,d1F10,d1G10,d1H10,d1A11,d1B11,d1C11,d1D11,d1E11,d1F11,d1G11,d1H11,d2B12,d2B1,d2C1,d2D1,d2E1,d2F1,d2G1,d2C12,d2A3,d2B3,d2C3,d2D3,d2E3,d2F3,d2G3,d2H3,d2G12,d2B5,d2C5,d2D5,d2E5,d2F5,d2G5,d2H5,d2A7,d2B7,d2C7,d2D7,d2E7,d2F7,d2G7,d2H7,d2A9,d2B9,d2C9,d2D9,d2E9,d2F9,d2G9,d2H9,d2A10,d2B10,d2C10,d2D10,d2E10,d2F10,d2G10,d2H10,d2A11,d2B11,d2C11,d2D11,d2E11,d2F11,d2G11,d2H11
3COPR_B_NS_R2,52,Ion_35,Ion_R4,MPA_Plate,COPR_B,500,2,CM,0,2,d1C2,d1B12,d1B1,d1C1,d1D1,d1E1,d1F1,d1G1,d1C12,d1A3,d1B3,d1C3,d1D3,d1E3,d1F3,d1G3,d1H3,d1G12,d1B5,d1C5,d1D5,d1E5,d1F5,d1G5,d1H5,d1A7,d1B7,d1C7,d1D7,d1E7,d1F7,d1G7,d1H7,d1A9,d1B9,d1C9,d1D9,d1E9,d1F9,d1G9,d1H9,d1A10,d1B10,d1C10,d1D10,d1E10,d1F10,d1G10,d1H10,d1A11,d1B11,d1C11,d1D11,d1E11,d1F11,d1G11,d1H11,d2B12,d2B1,d2C1,d2D1,d2E1,d2F1,d2G1,d2C12,d2A3,d2B3,d2C3,d2D3,d2E3,d2F3,d2G3,d2H3,d2G12,d2B5,d2C5,d2D5,d2E5,d2F5,d2G5,d2H5,d2A7,d2B7,d2C7,d2D7,d2E7,d2F7,d2G7,d2H7,d2A9,d2B9,d2C9,d2D9,d2E9,d2F9,d2G9,d2H9,d2A10,d2B10,d2C10,d2D10,d2E10,d2F10,d2G10,d2H10,d2A11,d2B11,d2C11,d2D11,d2E11,d2F11,d2G11,d2H11
3COPR_B_NS_R3,53,Ion_35,Ion_R5,MPA_Plate,COPR_B,500,2,CM,0,3,d1C2,d1B12,d1B1,d1C1,d1D1,d1E1,d1F1,d1G1,d1C12,d1A3,d1B3,d1C3,d1D3,d1E3,d1F3,d1G3,d1H3,d1G12,d1B5,d1C5,d1D5,d1E5,d1F5,d1G5,d1H5,d1A7,d1B7,d1C7,d1D7,d1E7,d1F7,d1G7,d1H7,d1A9,d1B9,d1C9,d1D9,d1E9,d1F9,d1G9,d1H9,d1A10,d1B10,d1C10,d1D10,d1E10,d1F10,d1G10,d1H10,d1A11,d1B11,d1C11,d1D11,d1E11,d1F11,d1G11,d1H11,d2B12,d2B1,d2C1,d2D1,d2E1,d2F1,d2G1,d2C12,d2A3,d2B3,d2C3,d2D3,d2E3,d2F3,d2G3,d2H3,d2G12,d2B5,d2C5,d2D5,d2E5,d2F5,d2G5,d2H5,d2A7,d2B7,d2C7,d2D7,d2E7,d2F7,d2G7,d2H7,d2A9,d2B9,d2C9,d2D9,d2E9,d2F9,d2G9,d2H9,d2A10,d2B10,d2C10,d2D10,d2E10,d2F10,d2G10,d2H10,d2A11,d2B11,d2C11,d2D11,d2E11,d2F11,d2G11,d2H11
3COPR_B_NS_R4,54,Ion_35,Ion_R6,MPA_Plate,COPR_B,500,2,CM,0,4,d1C2,d1B12,d1B1,d1C1,d1D1,d1E1,d1F1,d1G1,d1C12,d1A3,d1B3,d1C3,d1D3,d1E3,d1F3,d1G3,d1H3,d1G12,d1B5,d1C5,d1D5,d1E5,d1F5,d1G5,d1H5,d1A7,d1B7,d1C7,d1D7,d1E7,d1F7,d1G7,d1H7,d1A9,d1B9,d1C9,d1D9,d1E9,d1F9,d1G9,d1H9,d1A10,d1B10,d1C10,d1D10,d1E10,d1F10,d1G10,d1H10,d1A11,d1B11,d1C11,d1D11,d1E11,d1F11,d1G11,d1H11,d2B12,d2B1,d2C1,d2D1,d2E1,d2F1,d2G1,d2C12,d2A3,d2B3,d2C3,d2D3,d2E3,d2F3,d2G3,d2H3,d2G12,d2B5,d2C5,d2D5,d2E5,d2F5,d2G5,d2H5,d2A7,d2B7,d2C7,d2D7,d2E7,d2F7,d2G7,d2H7,d2A9,d2B9,d2C9,d2D9,d2E9,d2F9,d2G9,d2H9,d2A10,d2B10,d2C10,d2D10,d2E10,d2F10,d2G10,d2H10,d2A11,d2B11,d2C11,d2D11,d2E11,d2F11,d2G11,d2H11
3ANCE_40S_R1,55,Ion_35,Ion_R7,MPA_Plate,Ancestral,0,2,SALT,0,1,d1C2,d1B12,d1B1,d1C1,d1D1,d1E1,d1F1,d1G1,d1C12,d1A3,d1B3,d1C3,d1D3,d1E3,d1F3,d1G3,d1H3,d1G12,d1B5,d1C5,d1D5,d1E5,d1F5,d1G5,d1H5,d1A7,d1B7,d1C7,d1D7,d1E7,d1F7,d1G7,d1H7,d1A9,d1B9,d1C9,d1D9,d1E9,d1F9,d1G9,d1H9,d1A10,d1B10,d1C10,d1D10,d1E10,d1F10,d1G10,d1H10,d1A11,d1B11,d1C11,d1D11,d1E11,d1F11,d1G11,d1H11,d2B12,d2B1,d2C1,d2D1,d2E1,d2F1,d2G1,d2C12,d2A3,d2B3,d2C3,d2D3,d2E3,d2F3,d2G3,d2H3,d2G12,d2B5,d2C5,d2D5,d2E5,d2F5,d2G5,d2H5,d2A7,d2B7,d2C7,d2D7,d2E7,d2F7,d2G7,d2H7,d2A9,d2B9,d2C9,d2D9,d2E9,d2F9,d2G9,d2H9,d2A10,d2B10,d2C10,d2D10,d2E10,d2F10,d2G10,d2H10,d2A11,d2B11,d2C11,d2D11,d2E11,d2F11,d2G11,d2H11
3ANCE_40S_R2,56,Ion_35,Ion_R8,MPA_Plate,Ancestral,0,2,SALT,0,2,d1C2,d1B12,d1B1,d1C1,d1D1,d1E1,d1F1,d1G1,d1C12,d1A3,d1B3,d1C3,d1D3,d1E3,d1F3,d1G3,d1H3,d1G12,d1B5,d1C5,d1D5,d1E5,d1F5,d1G5,d1H5,d1A7,d1B7,d1C7,d1D7,d1E7,d1F7,d1G7,d1H7,d1A9,d1B9,d1C9,d1D9,d1E9,d1F9,d1G9,d1H9,d1A10,d1B10,d1C10,d1D10,d1E10,d1F10,d1G10,d1H10,d1A11,d1B11,d1C11,d1D11,d1E11,d1F11,d1G11,d1H11,d2B12,d2B1,d2C1,d2D1,d2E1,d2F1,d2G1,d2C12,d2A3,d2B3,d2C3,d2D3,d2E3,d2F3,d2G3,d2H3,d2G12,d2B5,d2C5,d2D5,d2E5,d2F5,d2G5,d2H5,d2A7,d2B7,d2C7,d2D7,d2E7,d2F7,d2G7,d2H7,d2A9,d2B9,d2C9,d2D9,d2E9,d2F9,d2G9,d2H9,d2A10,d2B10,d2C10,d2D10,d2E10,d2F10,d2G10,d2H10,d2A11,d2B11,d2C11,d2D11,d2E11,d2F11,d2G11,d2H11
3ANCE_40S_R3,57,Ion_24,Ion_R1,MPA_Plate,Ancestral,0,2,SALT,0,3,d1C2,d1B12,d1B1,d1C1,d1D1,d1E1,d1F1,d1G1,d1C12,d1A3,d1B3,d1C3,d1D3,d1E3,d1F3,d1G3,d1H3,d1G12,d1B5,d1C5,d1D5,d1E5,d1F5,d1G5,d1H5,d1A7,d1B7,d1C7,d1D7,d1E7,d1F7,d1G7,d1H7,d1A9,d1B9,d1C9,d1D9,d1E9,d1F9,d1G9,d1H9,d1A10,d1B10,d1C10,d1D10,d1E10,d1F10,d1G10,d1H10,d1A11,d1B11,d1C11,d1D11,d1E11,d1F11,d1G11,d1H11,d2B12,d2B1,d2C1,d2D1,d2E1,d2F1,d2G1,d2C12,d2A3,d2B3,d2C3,d2D3,d2E3,d2F3,d2G3,d2H3,d2G12,d2B5,d2C5,d2D5,d2E5,d2F5,d2G5,d2H5,d2A7,d2B7,d2C7,d2D7,d2E7,d2F7,d2G7,d2H7,d2A9,d2B9,d2C9,d2D9,d2E9,d2F9,d2G9,d2H9,d2A10,d2B10,d2C10,d2D10,d2E10,d2F10,d2G10,d2H10,d2A11,d2B11,d2C11,d2D11,d2E11,d2F11,d2G11,d2H11
3ANCE_40S_R4,58,Ion_24,Ion_R2,MPA_Plate,Ancestral,0,2,SALT,0,4,d1C2,d1B12,d1B1,d1C1,d1D1,d1E1,d1F1,d1G1,d1C12,d1A3,d1B3,d1C3,d1D3,d1E3,d1F3,d1G3,d1H3,d1G12,d1B5,d1C5,d1D5,d1E5,d1F5,d1G5,d1H5,d1A7,d1B7,d1C7,d1D7,d1E7,d1F7,d1G7,d1H7,d1A9,d1B9,d1C9,d1D9,d1E9,d1F9,d1G9,d1H9,d1A10,d1B10,d1C10,d1D10,d1E10,d1F10,d1G10,d1H10,d1A11,d1B11,d1C11,d1D11,d1E11,d1F11,d1G11,d1H11,d2B12,d2B1,d2C1,d2D1,d2E1,d2F1,d2G1,d2C12,d2A3,d2B3,d2C3,d2D3,d2E3,d2F3,d2G3,d2H3,d2G12,d2B5,d2C5,d2D5,d2E5,d2F5,d2G5,d2H5,d2A7,d2B7,d2C7,d2D7,d2E7,d2F7,d2G7,d2H7,d2A9,d2B9,d2C9,d2D9,d2E9,d2F9,d2G9,d2H9,d2A10,d2B10,d2C10,d2D10,d2E10,d2F10,d2G10,d2H10,d2A11,d2B11,d2C11,d2D11,d2E11,d2F11,d2G11,d2H11
3SALT_A_40S_R1,59,Ion_24,Ion_R3,MPA_Plate,SALT_A,500,2,SALT,0,1,d1C2,d1B12,d1B1,d1C1,d1D1,d1E1,d1F1,d1G1,d1C12,d1A3,d1B3,d1C3,d1D3,d1E3,d1F3,d1G3,d1H3,d1G12,d1B5,d1C5,d1D5,d1E5,d1F5,d1G5,d1H5,d1A7,d1B7,d1C7,d1D7,d1E7,d1F7,d1G7,d1H7,d1A9,d1B9,d1C9,d1D9,d1E9,d1F9,d1G9,d1H9,d1A10,d1B10,d1C10,d1D10,d1E10,d1F10,d1G10,d1H10,d1A11,d1B11,d1C11,d1D11,d1E11,d1F11,d1G11,d1H11,d2B12,d2B1,d2C1,d2D1,d2E1,d2F1,d2G1,d2C12,d2A3,d2B3,d2C3,d2D3,d2E3,d2F3,d2G3,d2H3,d2G12,d2B5,d2C5,d2D5,d2E5,d2F5,d2G5,d2H5,d2A7,d2B7,d2C7,d2D7,d2E7,d2F7,d2G7,d2H7,d2A9,d2B9,d2C9,d2D9,d2E9,d2F9,d2G9,d2H9,d2A10,d2B10,d2C10,d2D10,d2E10,d2F10,d2G10,d2H10,d2A11,d2B11,d2C11,d2D11,d2E11,d2F11,d2G11,d2H11
3SALT_A_40S_R2,60,Ion_24,Ion_R4,MPA_Plate,SALT_A,500,2,SALT,0,2,d1C2,d1B12,d1B1,d1C1,d1D1,d1E1,d1F1,d1G1,d1C12,d1A3,d1B3,d1C3,d1D3,d1E3,d1F3,d1G3,d1H3,d1G12,d1B5,d1C5,d1D5,d1E5,d1F5,d1G5,d1H5,d1A7,d1B7,d1C7,d1D7,d1E7,d1F7,d1G7,d1H7,d1A9,d1B9,d1C9,d1D9,d1E9,d1F9,d1G9,d1H9,d1A10,d1B10,d1C10,d1D10,d1E10,d1F10,d1G10,d1H10,d1A11,d1B11,d1C11,d1D11,d1E11,d1F11,d1G11,d1H11,d2B12,d2B1,d2C1,d2D1,d2E1,d2F1,d2G1,d2C12,d2A3,d2B3,d2C3,d2D3,d2E3,d2F3,d2G3,d2H3,d2G12,d2B5,d2C5,d2D5,d2E5,d2F5,d2G5,d2H5,d2A7,d2B7,d2C7,d2D7,d2E7,d2F7,d2G7,d2H7,d2A9,d2B9,d2C9,d2D9,d2E9,d2F9,d2G9,d2H9,d2A10,d2B10,d2C10,d2D10,d2E10,d2F10,d2G10,d2H10,d2A11,d2B11,d2C11,d2D11,d2E11,d2F11,d2G11,d2H11
3SALT_A_40S_R3,61,Ion_24,Ion_R5,MPA_Plate,SALT_A,500,2,SALT,0,3,d1C2,d1B12,d1B1,d1C1,d1D1,d1E1,d1F1,d1G1,d1C12,d1A3,d1B3,d1C3,d1D3,d1E3,d1F3,d1G3,d1H3,d1G12,d1B5,d1C5,d1D5,d1E5,d1F5,d1G5,d1H5,d1A7,d1B7,d1C7,d1D7,d1E7,d1F7,d1G7,d1H7,d1A9,d1B9,d1C9,d1D9,d1E9,d1F9,d1G9,d1H9,d1A10,d1B10,d1C10,d1D10,d1E10,d1F10,d1G10,d1H10,d1A11,d1B11,d1C11,d1D11,d1E11,d1F11,d1G11,d1H11,d2B12,d2B1,d2C1,d2D1,d2E1,d2F1,d2G1,d2C12,d2A3,d2B3,d2C3,d2D3,d2E3,d2F3,d2G3,d2H3,d2G12,d2B5,d2C5,d2D5,d2E5,d2F5,d2G5,d2H5,d2A7,d2B7,d2C7,d2D7,d2E7,d2F7,d2G7,d2H7,d2A9,d2B9,d2C9,d2D9,d2E9,d2F9,d2G9,d2H9,d2A10,d2B10,d2C10,d2D10,d2E10,d2F10,d2G10,d2H10,d2A11,d2B11,d2C11,d2D11,d2E11,d2F11,d2G11,d2H11
3SALT_A_40S_R4,62,Ion_24,Ion_R6,MPA_Plate,SALT_A,500,2,SALT,0,4,d1C2,d1B12,d1B1,d1C1,d1D1,d1E1,d1F1,d1G1,d1C12,d1A3,d1B3,d1C3,d1D3,d1E3,d1F3,d1G3,d1H3,d1G12,d1B5,d1C5,d1D5,d1E5,d1F5,d1G5,d1H5,d1A7,d1B7,d1C7,d1D7,d1E7,d1F7,d1G7,d1H7,d1A9,d1B9,d1C9,d1D9,d1E9,d1F9,d1G9,d1H9,d1A10,d1B10,d1C10,d1D10,d1E10,d1F10,d1G10,d1H10,d1A11,d1B11,d1C11,d1D11,d1E11,d1F11,d1G11,d1H11,d2B12,d2B1,d2C1,d2D1,d2E1,d2F1,d2G1,d2C12,d2A3,d2B3,d2C3,d2D3,d2E3,d2F3,d2G3,d2H3,d2G12,d2B5,d2C5,d2D5,d2E5,d2F5,d2G5,d2H5,d2A7,d2B7,d2C7,d2D7,d2E7,d2F7,d2G7,d2H7,d2A9,d2B9,d2C9,d2D9,d2E9,d2F9,d2G9,d2H9,d2A10,d2B10,d2C10,d2D10,d2E10,d2F10,d2G10,d2H10,d2A11,d2B11,d2C11,d2D11,d2E11,d2F11,d2G11,d2H11
3SALT_B_40S_R1,63,Ion_24,Ion_R7,MPA_Plate,SALT_B,500,2,SALT,0,1,d1C2,d1B12,d1B1,d1C1,d1D1,d1E1,d1F1,d1G1,d1C12,d1A3,d1B3,d1C3,d1D3,d1E3,d1F3,d1G3,d1H3,d1G12,d1B5,d1C5,d1D5,d1E5,d1F5,d1G5,d1H5,d1A7,d1B7,d1C7,d1D7,d1E7,d1F7,d1G7,d1H7,d1A9,d1B9,d1C9,d1D9,d1E9,d1F9,d1G9,d1H9,d1A10,d1B10,d1C10,d1D10,d1E10,d1F10,d1G10,d1H10,d1A11,d1B11,d1C11,d1D11,d1E11,d1F11,d1G11,d1H11,d2B12,d2B1,d2C1,d2D1,d2E1,d2F1,d2G1,d2C12,d2A3,d2B3,d2C3,d2D3,d2E3,d2F3,d2G3,d2H3,d2G12,d2B5,d2C5,d2D5,d2E5,d2F5,d2G5,d2H5,d2A7,d2B7,d2C7,d2D7,d2E7,d2F7,d2G7,d2H7,d2A9,d2B9,d2C9,d2D9,d2E9,d2F9,d2G9,d2H9,d2A10,d2B10,d2C10,d2D10,d2E10,d2F10,d2G10,d2H10,d2A11,d2B11,d2C11,d2D11,d2E11,d2F11,d2G11,d2H11
3SALT_B_40S_R2,64,Ion_24,Ion_R8,MPA_Plate,SALT_B,500,2,SALT,0,2,d1C2,d1B12,d1B1,d1C1,d1D1,d1E1,d1F1,d1G1,d1C12,d1A3,d1B3,d1C3,d1D3,d1E3,d1F3,d1G3,d1H3,d1G12,d1B5,d1C5,d1D5,d1E5,d1F5,d1G5,d1H5,d1A7,d1B7,d1C7,d1D7,d1E7,d1F7,d1G7,d1H7,d1A9,d1B9,d1C9,d1D9,d1E9,d1F9,d1G9,d1H9,d1A10,d1B10,d1C10,d1D10,d1E10,d1F10,d1G10,d1H10,d1A11,d1B11,d1C11,d1D11,d1E11,d1F11,d1G11,d1H11,d2B12,d2B1,d2C1,d2D1,d2E1,d2F1,d2G1,d2C12,d2A3,d2B3,d2C3,d2D3,d2E3,d2F3,d2G3,d2H3,d2G12,d2B5,d2C5,d2D5,d2E5,d2F5,d2G5,d2H5,d2A7,d2B7,d2C7,d2D7,d2E7,d2F7,d2G7,d2H7,d2A9,d2B9,d2C9,d2D9,d2E9,d2F9,d2G9,d2H9,d2A10,d2B10,d2C10,d2D10,d2E10,d2F10,d2G10,d2H10,d2A11,d2B11,d2C11,d2D11,d2E11,d2F11,d2G11,d2H11
3SALT_B_40S_R3,65,Ion_25,Ion_R1,MPA_Plate,SALT_B,500,2,SALT,0,3,d1C2,d1B12,d1B1,d1C1,d1D1,d1E1,d1F1,d1G1,d1C12,d1A3,d1B3,d1C3,d1D3,d1E3,d1F3,d1G3,d1H3,d1G12,d1B5,d1C5,d1D5,d1E5,d1F5,d1G5,d1H5,d1A7,d1B7,d1C7,d1D7,d1E7,d1F7,d1G7,d1H7,d1A9,d1B9,d1C9,d1D9,d1E9,d1F9,d1G9,d1H9,d1A10,d1B10,d1C10,d1D10,d1E10,d1F10,d1G10,d1H10,d1A11,d1B11,d1C11,d1D11,d1E11,d1F11,d1G11,d1H11,d2B12,d2B1,d2C1,d2D1,d2E1,d2F1,d2G1,d2C12,d2A3,d2B3,d2C3,d2D3,d2E3,d2F3,d2G3,d2H3,d2G12,d2B5,d2C5,d2D5,d2E5,d2F5,d2G5,d2H5,d2A7,d2B7,d2C7,d2D7,d2E7,d2F7,d2G7,d2H7,d2A9,d2B9,d2C9,d2D9,d2E9,d2F9,d2G9,d2H9,d2A10,d2B10,d2C10,d2D10,d2E10,d2F10,d2G10,d2H10,d2A11,d2B11,d2C11,d2D11,d2E11,d2F11,d2G11,d2H11
3SALT_B_40S_R4,66,Ion_25,Ion_R2,MPA_Plate,SALT_B,500,2,SALT,0,4,d1C2,d1B12,d1B1,d1C1,d1D1,d1E1,d1F1,d1G1,d1C12,d1A3,d1B3,d1C3,d1D3,d1E3,d1F3,d1G3,d1H3,d1G12,d1B5,d1C5,d1D5,d1E5,d1F5,d1G5,d1H5,d1A7,d1B7,d1C7,d1D7,d1E7,d1F7,d1G7,d1H7,d1A9,d1B9,d1C9,d1D9,d1E9,d1F9,d1G9,d1H9,d1A10,d1B10,d1C10,d1D10,d1E10,d1F10,d1G10,d1H10,d1A11,d1B11,d1C11,d1D11,d1E11,d1F11,d1G11,d1H11,d2B12,d2B1,d2C1,d2D1,d2E1,d2F1,d2G1,d2C12,d2A3,d2B3,d2C3,d2D3,d2E3,d2F3,d2G3,d2H3,d2G12,d2B5,d2C5,d2D5,d2E5,d2F5,d2G5,d2H5,d2A7,d2B7,d2C7,d2D7,d2E7,d2F7,d2G7,d2H7,d2A9,d2B9,d2C9,d2D9,d2E9,d2F9,d2G9,d2H9,d2A10,d2B10,d2C10,d2D10,d2E10,d2F10,d2G10,d2H10,d2A11,d2B11,d2C11,d2D11,d2E11,d2F11,d2G11,d2H11
3ANCE_80S_R1,67,Ion_25,Ion_R3,MPA_Plate,Ancestral,0,2,SALT,1,1,d1C2,d1B12,d1B1,d1C1,d1D1,d1E1,d1F1,d1G1,d1C12,d1A3,d1B3,d1C3,d1D3,d1E3,d1F3,d1G3,d1H3,d1G12,d1B5,d1C5,d1D5,d1E5,d1F5,d1G5,d1H5,d1A7,d1B7,d1C7,d1D7,d1E7,d1F7,d1G7,d1H7,d1A9,d1B9,d1C9,d1D9,d1E9,d1F9,d1G9,d1H9,d1A10,d1B10,d1C10,d1D10,d1E10,d1F10,d1G10,d1H10,d1A11,d1B11,d1C11,d1D11,d1E11,d1F11,d1G11,d1H11,d2B12,d2B1,d2C1,d2D1,d2E1,d2F1,d2G1,d2C12,d2A3,d2B3,d2C3,d2D3,d2E3,d2F3,d2G3,d2H3,d2G12,d2B5,d2C5,d2D5,d2E5,d2F5,d2G5,d2H5,d2A7,d2B7,d2C7,d2D7,d2E7,d2F7,d2G7,d2H7,d2A9,d2B9,d2C9,d2D9,d2E9,d2F9,d2G9,d2H9,d2A10,d2B10,d2C10,d2D10,d2E10,d2F10,d2G10,d2H10,d2A11,d2B11,d2C11,d2D11,d2E11,d2F11,d2G11,d2H11
3ANCE_80S_R2,68,Ion_25,Ion_R4,MPA_Plate,Ancestral,0,2,SALT,1,2,d1C2,d1B12,d1B1,d1C1,d1D1,d1E1,d1F1,d1G1,d1C12,d1A3,d1B3,d1C3,d1D3,d1E3,d1F3,d1G3,d1H3,d1G12,d1B5,d1C5,d1D5,d1E5,d1F5,d1G5,d1H5,d1A7,d1B7,d1C7,d1D7,d1E7,d1F7,d1G7,d1H7,d1A9,d1B9,d1C9,d1D9,d1E9,d1F9,d1G9,d1H9,d1A10,d1B10,d1C10,d1D10,d1E10,d1F10,d1G10,d1H10,d1A11,d1B11,d1C11,d1D11,d1E11,d1F11,d1G11,d1H11,d2B12,d2B1,d2C1,d2D1,d2E1,d2F1,d2G1,d2C12,d2A3,d2B3,d2C3,d2D3,d2E3,d2F3,d2G3,d2H3,d2G12,d2B5,d2C5,d2D5,d2E5,d2F5,d2G5,d2H5,d2A7,d2B7,d2C7,d2D7,d2E7,d2F7,d2G7,d2H7,d2A9,d2B9,d2C9,d2D9,d2E9,d2F9,d2G9,d2H9,d2A10,d2B10,d2C10,d2D10,d2E10,d2F10,d2G10,d2H10,d2A11,d2B11,d2C11,d2D11,d2E11,d2F11,d2G11,d2H11
3ANCE_80S_R3,69,Ion_25,Ion_R5,MPA_Plate,Ancestral,0,2,SALT,1,3,d1C2,d1B12,d1B1,d1C1,d1D1,d1E1,d1F1,d1G1,d1C12,d1A3,d1B3,d1C3,d1D3,d1E3,d1F3,d1G3,d1H3,d1G12,d1B5,d1C5,d1D5,d1E5,d1F5,d1G5,d1H5,d1A7,d1B7,d1C7,d1D7,d1E7,d1F7,d1G7,d1H7,d1A9,d1B9,d1C9,d1D9,d1E9,d1F9,d1G9,d1H9,d1A10,d1B10,d1C10,d1D10,d1E10,d1F10,d1G10,d1H10,d1A11,d1B11,d1C11,d1D11,d1E11,d1F11,d1G11,d1H11,d2B12,d2B1,d2C1,d2D1,d2E1,d2F1,d2G1,d2C12,d2A3,d2B3,d2C3,d2D3,d2E3,d2F3,d2G3,d2H3,d2G12,d2B5,d2C5,d2D5,d2E5,d2F5,d2G5,d2H5,d2A7,d2B7,d2C7,d2D7,d2E7,d2F7,d2G7,d2H7,d2A9,d2B9,d2C9,d2D9,d2E9,d2F9,d2G9,d2H9,d2A10,d2B10,d2C10,d2D10,d2E10,d2F10,d2G10,d2H10,d2A11,d2B11,d2C11,d2D11,d2E11,d2F11,d2G11,d2H11
3ANCE_80S_R4,70,Ion_25,Ion_R6,MPA_Plate,Ancestral,0,2,SALT,1,4,d1C2,d1B12,d1B1,d1C1,d1D1,d1E1,d1F1,d1G1,d1C12,d1A3,d1B3,d1C3,d1D3,d1E3,d1F3,d1G3,d1H3,d1G12,d1B5,d1C5,d1D5,d1E5,d1F5,d1G5,d1H5,d1A7,d1B7,d1C7,d1D7,d1E7,d1F7,d1G7,d1H7,d1A9,d1B9,d1C9,d1D9,d1E9,d1F9,d1G9,d1H9,d1A10,d1B10,d1C10,d1D10,d1E10,d1F10,d1G10,d1H10,d1A11,d1B11,d1C11,d1D11,d1E11,d1F11,d1G11,d1H11,d2B12,d2B1,d2C1,d2D1,d2E1,d2F1,d2G1,d2C12,d2A3,d2B3,d2C3,d2D3,d2E3,d2F3,d2G3,d2H3,d2G12,d2B5,d2C5,d2D5,d2E5,d2F5,d2G5,d2H5,d2A7,d2B7,d2C7,d2D7,d2E7,d2F7,d2G7,d2H7,d2A9,d2B9,d2C9,d2D9,d2E9,d2F9,d2G9,d2H9,d2A10,d2B10,d2C10,d2D10,d2E10,d2F10,d2G10,d2H10,d2A11,d2B11,d2C11,d2D11,d2E11,d2F11,d2G11,d2H11
3SALT_A_80S_R1,71,Ion_25,Ion_R7,MPA_Plate,SALT_A,500,2,SALT,1,1,d1C2,d1B12,d1B1,d1C1,d1D1,d1E1,d1F1,d1G1,d1C12,d1A3,d1B3,d1C3,d1D3,d1E3,d1F3,d1G3,d1H3,d1G12,d1B5,d1C5,d1D5,d1E5,d1F5,d1G5,d1H5,d1A7,d1B7,d1C7,d1D7,d1E7,d1F7,d1G7,d1H7,d1A9,d1B9,d1C9,d1D9,d1E9,d1F9,d1G9,d1H9,d1A10,d1B10,d1C10,d1D10,d1E10,d1F10,d1G10,d1H10,d1A11,d1B11,d1C11,d1D11,d1E11,d1F11,d1G11,d1H11,d2B12,d2B1,d2C1,d2D1,d2E1,d2F1,d2G1,d2C12,d2A3,d2B3,d2C3,d2D3,d2E3,d2F3,d2G3,d2H3,d2G12,d2B5,d2C5,d2D5,d2E5,d2F5,d2G5,d2H5,d2A7,d2B7,d2C7,d2D7,d2E7,d2F7,d2G7,d2H7,d2A9,d2B9,d2C9,d2D9,d2E9,d2F9,d2G9,d2H9,d2A10,d2B10,d2C10,d2D10,d2E10,d2F10,d2G10,d2H10,d2A11,d2B11,d2C11,d2D11,d2E11,d2F11,d2G11,d2H11
3SALT_A_80S_R2,72,Ion_26,Ion_R1,MPA_Plate,SALT_A,500,2,SALT,1,2,d1C2,d1B12,d1B1,d1C1,d1D1,d1E1,d1F1,d1G1,d1C12,d1A3,d1B3,d1C3,d1D3,d1E3,d1F3,d1G3,d1H3,d1G12,d1B5,d1C5,d1D5,d1E5,d1F5,d1G5,d1H5,d1A7,d1B7,d1C7,d1D7,d1E7,d1F7,d1G7,d1H7,d1A9,d1B9,d1C9,d1D9,d1E9,d1F9,d1G9,d1H9,d1A10,d1B10,d1C10,d1D10,d1E10,d1F10,d1G10,d1H10,d1A11,d1B11,d1C11,d1D11,d1E11,d1F11,d1G11,d1H11,d2B12,d2B1,d2C1,d2D1,d2E1,d2F1,d2G1,d2C12,d2A3,d2B3,d2C3,d2D3,d2E3,d2F3,d2G3,d2H3,d2G12,d2B5,d2C5,d2D5,d2E5,d2F5,d2G5,d2H5,d2A7,d2B7,d2C7,d2D7,d2E7,d2F7,d2G7,d2H7,d2A9,d2B9,d2C9,d2D9,d2E9,d2F9,d2G9,d2H9,d2A10,d2B10,d2C10,d2D10,d2E10,d2F10,d2G10,d2H10,d2A11,d2B11,d2C11,d2D11,d2E11,d2F11,d2G11,d2H11
3SALT_A_80S_R3,73,Ion_26,Ion_R2,MPA_Plate,SALT_A,500,2,SALT,1,3,d1C2,d1B12,d1B1,d1C1,d1D1,d1E1,d1F1,d1G1,d1C12,d1A3,d1B3,d1C3,d1D3,d1E3,d1F3,d1G3,d1H3,d1G12,d1B5,d1C5,d1D5,d1E5,d1F5,d1G5,d1H5,d1A7,d1B7,d1C7,d1D7,d1E7,d1F7,d1G7,d1H7,d1A9,d1B9,d1C9,d1D9,d1E9,d1F9,d1G9,d1H9,d1A10,d1B10,d1C10,d1D10,d1E10,d1F10,d1G10,d1H10,d1A11,d1B11,d1C11,d1D11,d1E11,d1F11,d1G11,d1H11,d2B12,d2B1,d2C1,d2D1,d2E1,d2F1,d2G1,d2C12,d2A3,d2B3,d2C3,d2D3,d2E3,d2F3,d2G3,d2H3,d2G12,d2B5,d2C5,d2D5,d2E5,d2F5,d2G5,d2H5,d2A7,d2B7,d2C7,d2D7,d2E7,d2F7,d2G7,d2H7,d2A9,d2B9,d2C9,d2D9,d2E9,d2F9,d2G9,d2H9,d2A10,d2B10,d2C10,d2D10,d2E10,d2F10,d2G10,d2H10,d2A11,d2B11,d2C11,d2D11,d2E11,d2F11,d2G11,d2H11
3SALT_A_80S_R4,74,Ion_26,Ion_R3,MPA_Plate,SALT_A,500,2,SALT,1,4,d1C2,d1B12,d1B1,d1C1,d1D1,d1E1,d1F1,d1G1,d1C12,d1A3,d1B3,d1C3,d1D3,d1E3,d1F3,d1G3,d1H3,d1G12,d1B5,d1C5,d1D5,d1E5,d1F5,d1G5,d1H5,d1A7,d1B7,d1C7,d1D7,d1E7,d1F7,d1G7,d1H7,d1A9,d1B9,d1C9,d1D9,d1E9,d1F9,d1G9,d1H9,d1A10,d1B10,d1C10,d1D10,d1E10,d1F10,d1G10,d1H10,d1A11,d1B11,d1C11,d1D11,d1E11,d1F11,d1G11,d1H11,d2B12,d2B1,d2C1,d2D1,d2E1,d2F1,d2G1,d2C12,d2A3,d2B3,d2C3,d2D3,d2E3,d2F3,d2G3,d2H3,d2G12,d2B5,d2C5,d2D5,d2E5,d2F5,d2G5,d2H5,d2A7,d2B7,d2C7,d2D7,d2E7,d2F7,d2G7,d2H7,d2A9,d2B9,d2C9,d2D9,d2E9,d2F9,d2G9,d2H9,d2A10,d2B10,d2C10,d2D10,d2E10,d2F10,d2G10,d2H10,d2A11,d2B11,d2C11,d2D11,d2E11,d2F11,d2G11,d2H11
3SALT_B_80S_R1,75,Ion_26,Ion_R4,MPA_Plate,SALT_B,500,2,SALT,1,1,d1C2,d1B12,d1B1,d1C1,d1D1,d1E1,d1F1,d1G1,d1C12,d1A3,d1B3,d1C3,d1D3,d1E3,d1F3,d1G3,d1H3,d1G12,d1B5,d1C5,d1D5,d1E5,d1F5,d1G5,d1H5,d1A7,d1B7,d1C7,d1D7,d1E7,d1F7,d1G7,d1H7,d1A9,d1B9,d1C9,d1D9,d1E9,d1F9,d1G9,d1H9,d1A10,d1B10,d1C10,d1D10,d1E10,d1F10,d1G10,d1H10,d1A11,d1B11,d1C11,d1D11,d1E11,d1F11,d1G11,d1H11,d2B12,d2B1,d2C1,d2D1,d2E1,d2F1,d2G1,d2C12,d2A3,d2B3,d2C3,d2D3,d2E3,d2F3,d2G3,d2H3,d2G12,d2B5,d2C5,d2D5,d2E5,d2F5,d2G5,d2H5,d2A7,d2B7,d2C7,d2D7,d2E7,d2F7,d2G7,d2H7,d2A9,d2B9,d2C9,d2D9,d2E9,d2F9,d2G9,d2H9,d2A10,d2B10,d2C10,d2D10,d2E10,d2F10,d2G10,d2H10,d2A11,d2B11,d2C11,d2D11,d2E11,d2F11,d2G11,d2H11
3SALT_B_80S_R2,76,Ion_26,Ion_R5,MPA_Plate,SALT_B,500,2,SALT,1,2,d1C2,d1B12,d1B1,d1C1,d1D1,d1E1,d1F1,d1G1,d1C12,d1A3,d1B3,d1C3,d1D3,d1E3,d1F3,d1G3,d1H3,d1G12,d1B5,d1C5,d1D5,d1E5,d1F5,d1G5,d1H5,d1A7,d1B7,d1C7,d1D7,d1E7,d1F7,d1G7,d1H7,d1A9,d1B9,d1C9,d1D9,d1E9,d1F9,d1G9,d1H9,d1A10,d1B10,d1C10,d1D10,d1E10,d1F10,d1G10,d1H10,d1A11,d1B11,d1C11,d1D11,d1E11,d1F11,d1G11,d1H11,d2B12,d2B1,d2C1,d2D1,d2E1,d2F1,d2G1,d2C12,d2A3,d2B3,d2C3,d2D3,d2E3,d2F3,d2G3,d2H3,d2G12,d2B5,d2C5,d2D5,d2E5,d2F5,d2G5,d2H5,d2A7,d2B7,d2C7,d2D7,d2E7,d2F7,d2G7,d2H7,d2A9,d2B9,d2C9,d2D9,d2E9,d2F9,d2G9,d2H9,d2A10,d2B10,d2C10,d2D10,d2E10,d2F10,d2G10,d2H10,d2A11,d2B11,d2C11,d2D11,d2E11,d2F11,d2G11,d2H11
3SALT_B_80S_R3,77,Ion_26,Ion_R6,MPA_Plate,SALT_B,500,2,SALT,1,3,d1C2,d1B12,d1B1,d1C1,d1D1,d1E1,d1F1,d1G1,d1C12,d1A3,d1B3,d1C3,d1D3,d1E3,d1F3,d1G3,d1H3,d1G12,d1B5,d1C5,d1D5,d1E5,d1F5,d1G5,d1H5,d1A7,d1B7,d1C7,d1D7,d1E7,d1F7,d1G7,d1H7,d1A9,d1B9,d1C9,d1D9,d1E9,d1F9,d1G9,d1H9,d1A10,d1B10,d1C10,d1D10,d1E10,d1F10,d1G10,d1H10,d1A11,d1B11,d1C11,d1D11,d1E11,d1F11,d1G11,d1H11,d2B12,d2B1,d2C1,d2D1,d2E1,d2F1,d2G1,d2C12,d2A3,d2B3,d2C3,d2D3,d2E3,d2F3,d2G3,d2H3,d2G12,d2B5,d2C5,d2D5,d2E5,d2F5,d2G5,d2H5,d2A7,d2B7,d2C7,d2D7,d2E7,d2F7,d2G7,d2H7,d2A9,d2B9,d2C9,d2D9,d2E9,d2F9,d2G9,d2H9,d2A10,d2B10,d2C10,d2D10,d2E10,d2F10,d2G10,d2H10,d2A11,d2B11,d2C11,d2D11,d2E11,d2F11,d2G11,d2H11
3SALT_B_80S_R4,78,Ion_26,Ion_R7,MPA_Plate,SALT_B,500,2,SALT,1,4,d1C2,d1B12,d1B1,d1C1,d1D1,d1E1,d1F1,d1G1,d1C12,d1A3,d1B3,d1C3,d1D3,d1E3,d1F3,d1G3,d1H3,d1G12,d1B5,d1C5,d1D5,d1E5,d1F5,d1G5,d1H5,d1A7,d1B7,d1C7,d1D7,d1E7,d1F7,d1G7,d1H7,d1A9,d1B9,d1C9,d1D9,d1E9,d1F9,d1G9,d1H9,d1A10,d1B10,d1C10,d1D10,d1E10,d1F10,d1G10,d1H10,d1A11,d1B11,d1C11,d1D11,d1E11,d1F11,d1G11,d1H11,d2B12,d2B1,d2C1,d2D1,d2E1,d2F1,d2G1,d2C12,d2A3,d2B3,d2C3,d2D3,d2E3,d2F3,d2G3,d2H3,d2G12,d2B5,d2C5,d2D5,d2E5,d2F5,d2G5,d2H5,d2A7,d2B7,d2C7,d2D7,d2E7,d2F7,d2G7,d2H7,d2A9,d2B9,d2C9,d2D9,d2E9,d2F9,d2G9,d2H9,d2A10,d2B10,d2C10,d2D10,d2E10,d2F10,d2G10,d2H10,d2A11,d2B11,d2C11,d2D11,d2E11,d2F11,d2G11,d2H11
3ANCE_120S_R1,79,Ion_26,Ion_R8,MPA_Plate,Ancestral,0,2,SALT,1,1,d1C2,d1B12,d1B1,d1C1,d1D1,d1E1,d1F1,d1G1,d1C12,d1A3,d1B3,d1C3,d1D3,d1E3,d1F3,d1G3,d1H3,d1G12,d1B5,d1C5,d1D5,d1E5,d1F5,d1G5,d1H5,d1A7,d1B7,d1C7,d1D7,d1E7,d1F7,d1G7,d1H7,d1A9,d1B9,d1C9,d1D9,d1E9,d1F9,d1G9,d1H9,d1A10,d1B10,d1C10,d1D10,d1E10,d1F10,d1G10,d1H10,d1A11,d1B11,d1C11,d1D11,d1E11,d1F11,d1G11,d1H11,d2B12,d2B1,d2C1,d2D1,d2E1,d2F1,d2G1,d2C12,d2A3,d2B3,d2C3,d2D3,d2E3,d2F3,d2G3,d2H3,d2G12,d2B5,d2C5,d2D5,d2E5,d2F5,d2G5,d2H5,d2A7,d2B7,d2C7,d2D7,d2E7,d2F7,d2G7,d2H7,d2A9,d2B9,d2C9,d2D9,d2E9,d2F9,d2G9,d2H9,d2A10,d2B10,d2C10,d2D10,d2E10,d2F10,d2G10,d2H10,d2A11,d2B11,d2C11,d2D11,d2E11,d2F11,d2G11,d2H11
3ANCE_120S_R2,80,Ion_36,Ion_R1,MPA_Plate,Ancestral,0,2,SALT,1,2,d1C2,d1B12,d1B1,d1C1,d1D1,d1E1,d1F1,d1G1,d1C12,d1A3,d1B3,d1C3,d1D3,d1E3,d1F3,d1G3,d1H3,d1G12,d1B5,d1C5,d1D5,d1E5,d1F5,d1G5,d1H5,d1A7,d1B7,d1C7,d1D7,d1E7,d1F7,d1G7,d1H7,d1A9,d1B9,d1C9,d1D9,d1E9,d1F9,d1G9,d1H9,d1A10,d1B10,d1C10,d1D10,d1E10,d1F10,d1G10,d1H10,d1A11,d1B11,d1C11,d1D11,d1E11,d1F11,d1G11,d1H11,d2B12,d2B1,d2C1,d2D1,d2E1,d2F1,d2G1,d2C12,d2A3,d2B3,d2C3,d2D3,d2E3,d2F3,d2G3,d2H3,d2G12,d2B5,d2C5,d2D5,d2E5,d2F5,d2G5,d2H5,d2A7,d2B7,d2C7,d2D7,d2E7,d2F7,d2G7,d2H7,d2A9,d2B9,d2C9,d2D9,d2E9,d2F9,d2G9,d2H9,d2A10,d2B10,d2C10,d2D10,d2E10,d2F10,d2G10,d2H10,d2A11,d2B11,d2C11,d2D11,d2E11,d2F11,d2G11,d2H11
3ANCE_120S_R3,81,Ion_36,Ion_R2,MPA_Plate,Ancestral,0,2,SALT,1,3,d1C2,d1B12,d1B1,d1C1,d1D1,d1E1,d1F1,d1G1,d1C12,d1A3,d1B3,d1C3,d1D3,d1E3,d1F3,d1G3,d1H3,d1G12,d1B5,d1C5,d1D5,d1E5,d1F5,d1G5,d1H5,d1A7,d1B7,d1C7,d1D7,d1E7,d1F7,d1G7,d1H7,d1A9,d1B9,d1C9,d1D9,d1E9,d1F9,d1G9,d1H9,d1A10,d1B10,d1C10,d1D10,d1E10,d1F10,d1G10,d1H10,d1A11,d1B11,d1C11,d1D11,d1E11,d1F11,d1G11,d1H11,d2B12,d2B1,d2C1,d2D1,d2E1,d2F1,d2G1,d2C12,d2A3,d2B3,d2C3,d2D3,d2E3,d2F3,d2G3,d2H3,d2G12,d2B5,d2C5,d2D5,d2E5,d2F5,d2G5,d2H5,d2A7,d2B7,d2C7,d2D7,d2E7,d2F7,d2G7,d2H7,d2A9,d2B9,d2C9,d2D9,d2E9,d2F9,d2G9,d2H9,d2A10,d2B10,d2C10,d2D10,d2E10,d2F10,d2G10,d2H10,d2A11,d2B11,d2C11,d2D11,d2E11,d2F11,d2G11,d2H11
3ANCE_120S_R4,82,Ion_36,Ion_R3,MPA_Plate,Ancestral,0,2,SALT,1,4,d1C2,d1B12,d1B1,d1C1,d1D1,d1E1,d1F1,d1G1,d1C12,d1A3,d1B3,d1C3,d1D3,d1E3,d1F3,d1G3,d1H3,d1G12,d1B5,d1C5,d1D5,d1E5,d1F5,d1G5,d1H5,d1A7,d1B7,d1C7,d1D7,d1E7,d1F7,d1G7,d1H7,d1A9,d1B9,d1C9,d1D9,d1E9,d1F9,d1G9,d1H9,d1A10,d1B10,d1C10,d1D10,d1E10,d1F10,d1G10,d1H10,d1A11,d1B11,d1C11,d1D11,d1E11,d1F11,d1G11,d1H11,d2B12,d2B1,d2C1,d2D1,d2E1,d2F1,d2G1,d2C12,d2A3,d2B3,d2C3,d2D3,d2E3,d2F3,d2G3,d2H3,d2G12,d2B5,d2C5,d2D5,d2E5,d2F5,d2G5,d2H5,d2A7,d2B7,d2C7,d2D7,d2E7,d2F7,d2G7,d2H7,d2A9,d2B9,d2C9,d2D9,d2E9,d2F9,d2G9,d2H9,d2A10,d2B10,d2C10,d2D10,d2E10,d2F10,d2G10,d2H10,d2A11,d2B11,d2C11,d2D11,d2E11,d2F11,d2G11,d2H11
3SALT_A_120S_R1,83,Ion_36,Ion_R4,MPA_Plate,SALT_A,500,2,SALT,1,1,d1C2,d1B12,d1B1,d1C1,d1D1,d1E1,d1F1,d1G1,d1C12,d1A3,d1B3,d1C3,d1D3,d1E3,d1F3,d1G3,d1H3,d1G12,d1B5,d1C5,d1D5,d1E5,d1F5,d1G5,d1H5,d1A7,d1B7,d1C7,d1D7,d1E7,d1F7,d1G7,d1H7,d1A9,d1B9,d1C9,d1D9,d1E9,d1F9,d1G9,d1H9,d1A10,d1B10,d1C10,d1D10,d1E10,d1F10,d1G10,d1H10,d1A11,d1B11,d1C11,d1D11,d1E11,d1F11,d1G11,d1H11,d2B12,d2B1,d2C1,d2D1,d2E1,d2F1,d2G1,d2C12,d2A3,d2B3,d2C3,d2D3,d2E3,d2F3,d2G3,d2H3,d2G12,d2B5,d2C5,d2D5,d2E5,d2F5,d2G5,d2H5,d2A7,d2B7,d2C7,d2D7,d2E7,d2F7,d2G7,d2H7,d2A9,d2B9,d2C9,d2D9,d2E9,d2F9,d2G9,d2H9,d2A10,d2B10,d2C10,d2D10,d2E10,d2F10,d2G10,d2H10,d2A11,d2B11,d2C11,d2D11,d2E11,d2F11,d2G11,d2H11
3SALT_A_120S_R2,84,Ion_36,Ion_R5,MPA_Plate,SALT_A,500,2,SALT,1,2,d1C2,d1B12,d1B1,d1C1,d1D1,d1E1,d1F1,d1G1,d1C12,d1A3,d1B3,d1C3,d1D3,d1E3,d1F3,d1G3,d1H3,d1G12,d1B5,d1C5,d1D5,d1E5,d1F5,d1G5,d1H5,d1A7,d1B7,d1C7,d1D7,d1E7,d1F7,d1G7,d1H7,d1A9,d1B9,d1C9,d1D9,d1E9,d1F9,d1G9,d1H9,d1A10,d1B10,d1C10,d1D10,d1E10,d1F10,d1G10,d1H10,d1A11,d1B11,d1C11,d1D11,d1E11,d1F11,d1G11,d1H11,d2B12,d2B1,d2C1,d2D1,d2E1,d2F1,d2G1,d2C12,d2A3,d2B3,d2C3,d2D3,d2E3,d2F3,d2G3,d2H3,d2G12,d2B5,d2C5,d2D5,d2E5,d2F5,d2G5,d2H5,d2A7,d2B7,d2C7,d2D7,d2E7,d2F7,d2G7,d2H7,d2A9,d2B9,d2C9,d2D9,d2E9,d2F9,d2G9,d2H9,d2A10,d2B10,d2C10,d2D10,d2E10,d2F10,d2G10,d2H10,d2A11,d2B11,d2C11,d2D11,d2E11,d2F11,d2G11,d2H11
3SALT_A_120S_R3,85,Ion_36,Ion_R6,MPA_Plate,SALT_A,500,2,SALT,1,3,d1C2,d1B12,d1B1,d1C1,d1D1,d1E1,d1F1,d1G1,d1C12,d1A3,d1B3,d1C3,d1D3,d1E3,d1F3,d1G3,d1H3,d1G12,d1B5,d1C5,d1D5,d1E5,d1F5,d1G5,d1H5,d1A7,d1B7,d1C7,d1D7,d1E7,d1F7,d1G7,d1H7,d1A9,d1B9,d1C9,d1D9,d1E9,d1F9,d1G9,d1H9,d1A10,d1B10,d1C10,d1D10,d1E10,d1F10,d1G10,d1H10,d1A11,d1B11,d1C11,d1D11,d1E11,d1F11,d1G11,d1H11,d2B12,d2B1,d2C1,d2D1,d2E1,d2F1,d2G1,d2C12,d2A3,d2B3,d2C3,d2D3,d2E3,d2F3,d2G3,d2H3,d2G12,d2B5,d2C5,d2D5,d2E5,d2F5,d2G5,d2H5,d2A7,d2B7,d2C7,d2D7,d2E7,d2F7,d2G7,d2H7,d2A9,d2B9,d2C9,d2D9,d2E9,d2F9,d2G9,d2H9,d2A10,d2B10,d2C10,d2D10,d2E10,d2F10,d2G10,d2H10,d2A11,d2B11,d2C11,d2D11,d2E11,d2F11,d2G11,d2H11
3SALT_A_120S_R4,86,Ion_36,Ion_R7,MPA_Plate,SALT_A,500,2,SALT,1,4,d1C2,d1B12,d1B1,d1C1,d1D1,d1E1,d1F1,d1G1,d1C12,d1A3,d1B3,d1C3,d1D3,d1E3,d1F3,d1G3,d1H3,d1G12,d1B5,d1C5,d1D5,d1E5,d1F5,d1G5,d1H5,d1A7,d1B7,d1C7,d1D7,d1E7,d1F7,d1G7,d1H7,d1A9,d1B9,d1C9,d1D9,d1E9,d1F9,d1G9,d1H9,d1A10,d1B10,d1C10,d1D10,d1E10,d1F10,d1G10,d1H10,d1A11,d1B11,d1C11,d1D11,d1E11,d1F11,d1G11,d1H11,d2B12,d2B1,d2C1,d2D1,d2E1,d2F1,d2G1,d2C12,d2A3,d2B3,d2C3,d2D3,d2E3,d2F3,d2G3,d2H3,d2G12,d2B5,d2C5,d2D5,d2E5,d2F5,d2G5,d2H5,d2A7,d2B7,d2C7,d2D7,d2E7,d2F7,d2G7,d2H7,d2A9,d2B9,d2C9,d2D9,d2E9,d2F9,d2G9,d2H9,d2A10,d2B10,d2C10,d2D10,d2E10,d2F10,d2G10,d2H10,d2A11,d2B11,d2C11,d2D11,d2E11,d2F11,d2G11,d2H11
3SALT_B_120S_R1,87,Ion_36,Ion_R8,MPA_Plate,SALT_B,500,2,SALT,1,1,d1C2,d1B12,d1B1,d1C1,d1D1,d1E1,d1F1,d1G1,d1C12,d1A3,d1B3,d1C3,d1D3,d1E3,d1F3,d1G3,d1H3,d1G12,d1B5,d1C5,d1D5,d1E5,d1F5,d1G5,d1H5,d1A7,d1B7,d1C7,d1D7,d1E7,d1F7,d1G7,d1H7,d1A9,d1B9,d1C9,d1D9,d1E9,d1F9,d1G9,d1H9,d1A10,d1B10,d1C10,d1D10,d1E10,d1F10,d1G10,d1H10,d1A11,d1B11,d1C11,d1D11,d1E11,d1F11,d1G11,d1H11,d2B12,d2B1,d2C1,d2D1,d2E1,d2F1,d2G1,d2C12,d2A3,d2B3,d2C3,d2D3,d2E3,d2F3,d2G3,d2H3,d2G12,d2B5,d2C5,d2D5,d2E5,d2F5,d2G5,d2H5,d2A7,d2B7,d2C7,d2D7,d2E7,d2F7,d2G7,d2H7,d2A9,d2B9,d2C9,d2D9,d2E9,d2F9,d2G9,d2H9,d2A10,d2B10,d2C10,d2D10,d2E10,d2F10,d2G10,d2H10,d2A11,d2B11,d2C11,d2D11,d2E11,d2F11,d2G11,d2H11
3SALT_B_120S_R2,88,Ion_28,Ion_R1,MPA_Plate,SALT_B,500,2,SALT,1,2,d1C2,d1B12,d1B1,d1C1,d1D1,d1E1,d1F1,d1G1,d1C12,d1A3,d1B3,d1C3,d1D3,d1E3,d1F3,d1G3,d1H3,d1G12,d1B5,d1C5,d1D5,d1E5,d1F5,d1G5,d1H5,d1A7,d1B7,d1C7,d1D7,d1E7,d1F7,d1G7,d1H7,d1A9,d1B9,d1C9,d1D9,d1E9,d1F9,d1G9,d1H9,d1A10,d1B10,d1C10,d1D10,d1E10,d1F10,d1G10,d1H10,d1A11,d1B11,d1C11,d1D11,d1E11,d1F11,d1G11,d1H11,d2B12,d2B1,d2C1,d2D1,d2E1,d2F1,d2G1,d2C12,d2A3,d2B3,d2C3,d2D3,d2E3,d2F3,d2G3,d2H3,d2G12,d2B5,d2C5,d2D5,d2E5,d2F5,d2G5,d2H5,d2A7,d2B7,d2C7,d2D7,d2E7,d2F7,d2G7,d2H7,d2A9,d2B9,d2C9,d2D9,d2E9,d2F9,d2G9,d2H9,d2A10,d2B10,d2C10,d2D10,d2E10,d2F10,d2G10,d2H10,d2A11,d2B11,d2C11,d2D11,d2E11,d2F11,d2G11,d2H11
3SALT_B_120S_R3,89,Ion_28,Ion_R2,MPA_Plate,SALT_B,500,2,SALT,1,3,d1C2,d1B12,d1B1,d1C1,d1D1,d1E1,d1F1,d1G1,d1C12,d1A3,d1B3,d1C3,d1D3,d1E3,d1F3,d1G3,d1H3,d1G12,d1B5,d1C5,d1D5,d1E5,d1F5,d1G5,d1H5,d1A7,d1B7,d1C7,d1D7,d1E7,d1F7,d1G7,d1H7,d1A9,d1B9,d1C9,d1D9,d1E9,d1F9,d1G9,d1H9,d1A10,d1B10,d1C10,d1D10,d1E10,d1F10,d1G10,d1H10,d1A11,d1B11,d1C11,d1D11,d1E11,d1F11,d1G11,d1H11,d2B12,d2B1,d2C1,d2D1,d2E1,d2F1,d2G1,d2C12,d2A3,d2B3,d2C3,d2D3,d2E3,d2F3,d2G3,d2H3,d2G12,d2B5,d2C5,d2D5,d2E5,d2F5,d2G5,d2H5,d2A7,d2B7,d2C7,d2D7,d2E7,d2F7,d2G7,d2H7,d2A9,d2B9,d2C9,d2D9,d2E9,d2F9,d2G9,d2H9,d2A10,d2B10,d2C10,d2D10,d2E10,d2F10,d2G10,d2H10,d2A11,d2B11,d2C11,d2D11,d2E11,d2F11,d2G11,d2H11
3SALT_B_120S_R4,90,Ion_28,Ion_R3,MPA_Plate,SALT_B,500,2,SALT,1,4,d1C2,d1B12,d1B1,d1C1,d1D1,d1E1,d1F1,d1G1,d1C12,d1A3,d1B3,d1C3,d1D3,d1E3,d1F3,d1G3,d1H3,d1G12,d1B5,d1C5,d1D5,d1E5,d1F5,d1G5,d1H5,d1A7,d1B7,d1C7,d1D7,d1E7,d1F7,d1G7,d1H7,d1A9,d1B9,d1C9,d1D9,d1E9,d1F9,d1G9,d1H9,d1A10,d1B10,d1C10,d1D10,d1E10,d1F10,d1G10,d1H10,d1A11,d1B11,d1C11,d1D11,d1E11,d1F11,d1G11,d1H11,d2B12,d2B1,d2C1,d2D1,d2E1,d2F1,d2G1,d2C12,d2A3,d2B3,d2C3,d2D3,d2E3,d2F3,d2G3,d2H3,d2G12,d2B5,d2C5,d2D5,d2E5,d2F5,d2G5,d2H5,d2A7,d2B7,d2C7,d2D7,d2E7,d2F7,d2G7,d2H7,d2A9,d2B9,d2C9,d2D9,d2E9,d2F9,d2G9,d2H9,d2A10,d2B10,d2C10,d2D10,d2E10,d2F10,d2G10,d2H10,d2A11,d2B11,d2C11,d2D11,d2E11,d2F11,d2G11,d2H11
3ANCE_40C_R1,91,Ion_28,Ion_R4,MPA_Plate,Ancestral,0,2,COPR,0,1,d1C2,d1B12,d1B1,d1C1,d1D1,d1E1,d1F1,d1G1,d1C12,d1A3,d1B3,d1C3,d1D3,d1E3,d1F3,d1G3,d1H3,d1G12,d1B5,d1C5,d1D5,d1E5,d1F5,d1G5,d1H5,d1A7,d1B7,d1C7,d1D7,d1E7,d1F7,d1G7,d1H7,d1A9,d1B9,d1C9,d1D9,d1E9,d1F9,d1G9,d1H9,d1A10,d1B10,d1C10,d1D10,d1E10,d1F10,d1G10,d1H10,d1A11,d1B11,d1C11,d1D11,d1E11,d1F11,d1G11,d1H11,d2B12,d2B1,d2C1,d2D1,d2E1,d2F1,d2G1,d2C12,d2A3,d2B3,d2C3,d2D3,d2E3,d2F3,d2G3,d2H3,d2G12,d2B5,d2C5,d2D5,d2E5,d2F5,d2G5,d2H5,d2A7,d2B7,d2C7,d2D7,d2E7,d2F7,d2G7,d2H7,d2A9,d2B9,d2C9,d2D9,d2E9,d2F9,d2G9,d2H9,d2A10,d2B10,d2C10,d2D10,d2E10,d2F10,d2G10,d2H10,d2A11,d2B11,d2C11,d2D11,d2E11,d2F11,d2G11,d2H11
3ANCE_40C_R2,92,Ion_28,Ion_R5,MPA_Plate,Ancestral,0,2,COPR,0,2,d1C2,d1B12,d1B1,d1C1,d1D1,d1E1,d1F1,d1G1,d1C12,d1A3,d1B3,d1C3,d1D3,d1E3,d1F3,d1G3,d1H3,d1G12,d1B5,d1C5,d1D5,d1E5,d1F5,d1G5,d1H5,d1A7,d1B7,d1C7,d1D7,d1E7,d1F7,d1G7,d1H7,d1A9,d1B9,d1C9,d1D9,d1E9,d1F9,d1G9,d1H9,d1A10,d1B10,d1C10,d1D10,d1E10,d1F10,d1G10,d1H10,d1A11,d1B11,d1C11,d1D11,d1E11,d1F11,d1G11,d1H11,d2B12,d2B1,d2C1,d2D1,d2E1,d2F1,d2G1,d2C12,d2A3,d2B3,d2C3,d2D3,d2E3,d2F3,d2G3,d2H3,d2G12,d2B5,d2C5,d2D5,d2E5,d2F5,d2G5,d2H5,d2A7,d2B7,d2C7,d2D7,d2E7,d2F7,d2G7,d2H7,d2A9,d2B9,d2C9,d2D9,d2E9,d2F9,d2G9,d2H9,d2A10,d2B10,d2C10,d2D10,d2E10,d2F10,d2G10,d2H10,d2A11,d2B11,d2C11,d2D11,d2E11,d2F11,d2G11,d2H11
3ANCE_40C_R3,93,Ion_28,Ion_R6,MPA_Plate,Ancestral,0,2,COPR,0,3,d1C2,d1B12,d1B1,d1C1,d1D1,d1E1,d1F1,d1G1,d1C12,d1A3,d1B3,d1C3,d1D3,d1E3,d1F3,d1G3,d1H3,d1G12,d1B5,d1C5,d1D5,d1E5,d1F5,d1G5,d1H5,d1A7,d1B7,d1C7,d1D7,d1E7,d1F7,d1G7,d1H7,d1A9,d1B9,d1C9,d1D9,d1E9,d1F9,d1G9,d1H9,d1A10,d1B10,d1C10,d1D10,d1E10,d1F10,d1G10,d1H10,d1A11,d1B11,d1C11,d1D11,d1E11,d1F11,d1G11,d1H11,d2B12,d2B1,d2C1,d2D1,d2E1,d2F1,d2G1,d2C12,d2A3,d2B3,d2C3,d2D3,d2E3,d2F3,d2G3,d2H3,d2G12,d2B5,d2C5,d2D5,d2E5,d2F5,d2G5,d2H5,d2A7,d2B7,d2C7,d2D7,d2E7,d2F7,d2G7,d2H7,d2A9,d2B9,d2C9,d2D9,d2E9,d2F9,d2G9,d2H9,d2A10,d2B10,d2C10,d2D10,d2E10,d2F10,d2G10,d2H10,d2A11,d2B11,d2C11,d2D11,d2E11,d2F11,d2G11,d2H11
3ANCE_40C_R4,94,Ion_28,Ion_R7,MPA_Plate,Ancestral,0,2,COPR,0,4,d1C2,d1B12,d1B1,d1C1,d1D1,d1E1,d1F1,d1G1,d1C12,d1A3,d1B3,d1C3,d1D3,d1E3,d1F3,d1G3,d1H3,d1G12,d1B5,d1C5,d1D5,d1E5,d1F5,d1G5,d1H5,d1A7,d1B7,d1C7,d1D7,d1E7,d1F7,d1G7,d1H7,d1A9,d1B9,d1C9,d1D9,d1E9,d1F9,d1G9,d1H9,d1A10,d1B10,d1C10,d1D10,d1E10,d1F10,d1G10,d1H10,d1A11,d1B11,d1C11,d1D11,d1E11,d1F11,d1G11,d1H11,d2B12,d2B1,d2C1,d2D1,d2E1,d2F1,d2G1,d2C12,d2A3,d2B3,d2C3,d2D3,d2E3,d2F3,d2G3,d2H3,d2G12,d2B5,d2C5,d2D5,d2E5,d2F5,d2G5,d2H5,d2A7,d2B7,d2C7,d2D7,d2E7,d2F7,d2G7,d2H7,d2A9,d2B9,d2C9,d2D9,d2E9,d2F9,d2G9,d2H9,d2A10,d2B10,d2C10,d2D10,d2E10,d2F10,d2G10,d2H10,d2A11,d2B11,d2C11,d2D11,d2E11,d2F11,d2G11,d2H11
3COPR_A_40C_R1,95,Ion_28,Ion_R8,MPA_Plate,COPR_A,500,2,COPR,0,1,d1C2,d1B12,d1B1,d1C1,d1D1,d1E1,d1F1,d1G1,d1C12,d1A3,d1B3,d1C3,d1D3,d1E3,d1F3,d1G3,d1H3,d1G12,d1B5,d1C5,d1D5,d1E5,d1F5,d1G5,d1H5,d1A7,d1B7,d1C7,d1D7,d1E7,d1F7,d1G7,d1H7,d1A9,d1B9,d1C9,d1D9,d1E9,d1F9,d1G9,d1H9,d1A10,d1B10,d1C10,d1D10,d1E10,d1F10,d1G10,d1H10,d1A11,d1B11,d1C11,d1D11,d1E11,d1F11,d1G11,d1H11,d2B12,d2B1,d2C1,d2D1,d2E1,d2F1,d2G1,d2C12,d2A3,d2B3,d2C3,d2D3,d2E3,d2F3,d2G3,d2H3,d2G12,d2B5,d2C5,d2D5,d2E5,d2F5,d2G5,d2H5,d2A7,d2B7,d2C7,d2D7,d2E7,d2F7,d2G7,d2H7,d2A9,d2B9,d2C9,d2D9,d2E9,d2F9,d2G9,d2H9,d2A10,d2B10,d2C10,d2D10,d2E10,d2F10,d2G10,d2H10,d2A11,d2B11,d2C11,d2D11,d2E11,d2F11,d2G11,d2H11
3COPR_A_40C_R2,96,Ion_29,Ion_R1,MPA_Plate,COPR_A,500,2,COPR,0,2,d1C2,d1B12,d1B1,d1C1,d1D1,d1E1,d1F1,d1G1,d1C12,d1A3,d1B3,d1C3,d1D3,d1E3,d1F3,d1G3,d1H3,d1G12,d1B5,d1C5,d1D5,d1E5,d1F5,d1G5,d1H5,d1A7,d1B7,d1C7,d1D7,d1E7,d1F7,d1G7,d1H7,d1A9,d1B9,d1C9,d1D9,d1E9,d1F9,d1G9,d1H9,d1A10,d1B10,d1C10,d1D10,d1E10,d1F10,d1G10,d1H10,d1A11,d1B11,d1C11,d1D11,d1E11,d1F11,d1G11,d1H11,d2B12,d2B1,d2C1,d2D1,d2E1,d2F1,d2G1,d2C12,d2A3,d2B3,d2C3,d2D3,d2E3,d2F3,d2G3,d2H3,d2G12,d2B5,d2C5,d2D5,d2E5,d2F5,d2G5,d2H5,d2A7,d2B7,d2C7,d2D7,d2E7,d2F7,d2G7,d2H7,d2A9,d2B9,d2C9,d2D9,d2E9,d2F9,d2G9,d2H9,d2A10,d2B10,d2C10,d2D10,d2E10,d2F10,d2G10,d2H10,d2A11,d2B11,d2C11,d2D11,d2E11,d2F11,d2G11,d2H11
3COPR_A_40C_R3,97,Ion_29,Ion_R2,MPA_Plate,COPR_A,500,2,COPR,0,3,d1C2,d1B12,d1B1,d1C1,d1D1,d1E1,d1F1,d1G1,d1C12,d1A3,d1B3,d1C3,d1D3,d1E3,d1F3,d1G3,d1H3,d1G12,d1B5,d1C5,d1D5,d1E5,d1F5,d1G5,d1H5,d1A7,d1B7,d1C7,d1D7,d1E7,d1F7,d1G7,d1H7,d1A9,d1B9,d1C9,d1D9,d1E9,d1F9,d1G9,d1H9,d1A10,d1B10,d1C10,d1D10,d1E10,d1F10,d1G10,d1H10,d1A11,d1B11,d1C11,d1D11,d1E11,d1F11,d1G11,d1H11,d2B12,d2B1,d2C1,d2D1,d2E1,d2F1,d2G1,d2C12,d2A3,d2B3,d2C3,d2D3,d2E3,d2F3,d2G3,d2H3,d2G12,d2B5,d2C5,d2D5,d2E5,d2F5,d2G5,d2H5,d2A7,d2B7,d2C7,d2D7,d2E7,d2F7,d2G7,d2H7,d2A9,d2B9,d2C9,d2D9,d2E9,d2F9,d2G9,d2H9,d2A10,d2B10,d2C10,d2D10,d2E10,d2F10,d2G10,d2H10,d2A11,d2B11,d2C11,d2D11,d2E11,d2F11,d2G11,d2H11
3COPR_A_40C_R4,98,Ion_29,Ion_R3,MPA_Plate,COPR_A,500,2,COPR,0,4,d1C2,d1B12,d1B1,d1C1,d1D1,d1E1,d1F1,d1G1,d1C12,d1A3,d1B3,d1C3,d1D3,d1E3,d1F3,d1G3,d1H3,d1G12,d1B5,d1C5,d1D5,d1E5,d1F5,d1G5,d1H5,d1A7,d1B7,d1C7,d1D7,d1E7,d1F7,d1G7,d1H7,d1A9,d1B9,d1C9,d1D9,d1E9,d1F9,d1G9,d1H9,d1A10,d1B10,d1C10,d1D10,d1E10,d1F10,d1G10,d1H10,d1A11,d1B11,d1C11,d1D11,d1E11,d1F11,d1G11,d1H11,d2B12,d2B1,d2C1,d2D1,d2E1,d2F1,d2G1,d2C12,d2A3,d2B3,d2C3,d2D3,d2E3,d2F3,d2G3,d2H3,d2G12,d2B5,d2C5,d2D5,d2E5,d2F5,d2G5,d2H5,d2A7,d2B7,d2C7,d2D7,d2E7,d2F7,d2G7,d2H7,d2A9,d2B9,d2C9,d2D9,d2E9,d2F9,d2G9,d2H9,d2A10,d2B10,d2C10,d2D10,d2E10,d2F10,d2G10,d2H10,d2A11,d2B11,d2C11,d2D11,d2E11,d2F11,d2G11,d2H11
3COPR_B_40C_R1,99,Ion_29,Ion_R4,MPA_Plate,COPR_B,500,2,COPR,0,1,d1C2,d1B12,d1B1,d1C1,d1D1,d1E1,d1F1,d1G1,d1C12,d1A3,d1B3,d1C3,d1D3,d1E3,d1F3,d1G3,d1H3,d1G12,d1B5,d1C5,d1D5,d1E5,d1F5,d1G5,d1H5,d1A7,d1B7,d1C7,d1D7,d1E7,d1F7,d1G7,d1H7,d1A9,d1B9,d1C9,d1D9,d1E9,d1F9,d1G9,d1H9,d1A10,d1B10,d1C10,d1D10,d1E10,d1F10,d1G10,d1H10,d1A11,d1B11,d1C11,d1D11,d1E11,d1F11,d1G11,d1H11,d2B12,d2B1,d2C1,d2D1,d2E1,d2F1,d2G1,d2C12,d2A3,d2B3,d2C3,d2D3,d2E3,d2F3,d2G3,d2H3,d2G12,d2B5,d2C5,d2D5,d2E5,d2F5,d2G5,d2H5,d2A7,d2B7,d2C7,d2D7,d2E7,d2F7,d2G7,d2H7,d2A9,d2B9,d2C9,d2D9,d2E9,d2F9,d2G9,d2H9,d2A10,d2B10,d2C10,d2D10,d2E10,d2F10,d2G10,d2H10,d2A11,d2B11,d2C11,d2D11,d2E11,d2F11,d2G11,d2H11
3COPR_B_40C_R2,100,Ion_29,Ion_R5,MPA_Plate,COPR_B,500,2,COPR,0,2,d1C2,d1B12,d1B1,d1C1,d1D1,d1E1,d1F1,d1G1,d1C12,d1A3,d1B3,d1C3,d1D3,d1E3,d1F3,d1G3,d1H3,d1G12,d1B5,d1C5,d1D5,d1E5,d1F5,d1G5,d1H5,d1A7,d1B7,d1C7,d1D7,d1E7,d1F7,d1G7,d1H7,d1A9,d1B9,d1C9,d1D9,d1E9,d1F9,d1G9,d1H9,d1A10,d1B10,d1C10,d1D10,d1E10,d1F10,d1G10,d1H10,d1A11,d1B11,d1C11,d1D11,d1E11,d1F11,d1G11,d1H11,d2B12,d2B1,d2C1,d2D1,d2E1,d2F1,d2G1,d2C12,d2A3,d2B3,d2C3,d2D3,d2E3,d2F3,d2G3,d2H3,d2G12,d2B5,d2C5,d2D5,d2E5,d2F5,d2G5,d2H5,d2A7,d2B7,d2C7,d2D7,d2E7,d2F7,d2G7,d2H7,d2A9,d2B9,d2C9,d2D9,d2E9,d2F9,d2G9,d2H9,d2A10,d2B10,d2C10,d2D10,d2E10,d2F10,d2G10,d2H10,d2A11,d2B11,d2C11,d2D11,d2E11,d2F11,d2G11,d2H11
3COPR_B_40C_R3,101,Ion_29,Ion_R6,MPA_Plate,COPR_B,500,2,COPR,0,3,d1C2,d1B12,d1B1,d1C1,d1D1,d1E1,d1F1,d1G1,d1C12,d1A3,d1B3,d1C3,d1D3,d1E3,d1F3,d1G3,d1H3,d1G12,d1B5,d1C5,d1D5,d1E5,d1F5,d1G5,d1H5,d1A7,d1B7,d1C7,d1D7,d1E7,d1F7,d1G7,d1H7,d1A9,d1B9,d1C9,d1D9,d1E9,d1F9,d1G9,d1H9,d1A10,d1B10,d1C10,d1D10,d1E10,d1F10,d1G10,d1H10,d1A11,d1B11,d1C11,d1D11,d1E11,d1F11,d1G11,d1H11,d2B12,d2B1,d2C1,d2D1,d2E1,d2F1,d2G1,d2C12,d2A3,d2B3,d2C3,d2D3,d2E3,d2F3,d2G3,d2H3,d2G12,d2B5,d2C5,d2D5,d2E5,d2F5,d2G5,d2H5,d2A7,d2B7,d2C7,d2D7,d2E7,d2F7,d2G7,d2H7,d2A9,d2B9,d2C9,d2D9,d2E9,d2F9,d2G9,d2H9,d2A10,d2B10,d2C10,d2D10,d2E10,d2F10,d2G10,d2H10,d2A11,d2B11,d2C11,d2D11,d2E11,d2F11,d2G11,d2H11
3COPR_B_40C_R4,102,Ion_29,Ion_R7,MPA_Plate,COPR_B,500,2,COPR,0,4,d1C2,d1B12,d1B1,d1C1,d1D1,d1E1,d1F1,d1G1,d1C12,d1A3,d1B3,d1C3,d1D3,d1E3,d1F3,d1G3,d1H3,d1G12,d1B5,d1C5,d1D5,d1E5,d1F5,d1G5,d1H5,d1A7,d1B7,d1C7,d1D7,d1E7,d1F7,d1G7,d1H7,d1A9,d1B9,d1C9,d1D9,d1E9,d1F9,d1G9,d1H9,d1A10,d1B10,d1C10,d1D10,d1E10,d1F10,d1G10,d1H10,d1A11,d1B11,d1C11,d1D11,d1E11,d1F11,d1G11,d1H11,d2B12,d2B1,d2C1,d2D1,d2E1,d2F1,d2G1,d2C12,d2A3,d2B3,d2C3,d2D3,d2E3,d2F3,d2G3,d2H3,d2G12,d2B5,d2C5,d2D5,d2E5,d2F5,d2G5,d2H5,d2A7,d2B7,d2C7,d2D7,d2E7,d2F7,d2G7,d2H7,d2A9,d2B9,d2C9,d2D9,d2E9,d2F9,d2G9,d2H9,d2A10,d2B10,d2C10,d2D10,d2E10,d2F10,d2G10,d2H10,d2A11,d2B11,d2C11,d2D11,d2E11,d2F11,d2G11,d2H11
3ANCE_80C_R1,103,Ion_29,Ion_R8,MPA_Plate,Ancestral,0,2,COPR,1,1,d1C2,d1B12,d1B1,d1C1,d1D1,d1E1,d1F1,d1G1,d1C12,d1A3,d1B3,d1C3,d1D3,d1E3,d1F3,d1G3,d1H3,d1G12,d1B5,d1C5,d1D5,d1E5,d1F5,d1G5,d1H5,d1A7,d1B7,d1C7,d1D7,d1E7,d1F7,d1G7,d1H7,d1A9,d1B9,d1C9,d1D9,d1E9,d1F9,d1G9,d1H9,d1A10,d1B10,d1C10,d1D10,d1E10,d1F10,d1G10,d1H10,d1A11,d1B11,d1C11,d1D11,d1E11,d1F11,d1G11,d1H11,d2B12,d2B1,d2C1,d2D1,d2E1,d2F1,d2G1,d2C12,d2A3,d2B3,d2C3,d2D3,d2E3,d2F3,d2G3,d2H3,d2G12,d2B5,d2C5,d2D5,d2E5,d2F5,d2G5,d2H5,d2A7,d2B7,d2C7,d2D7,d2E7,d2F7,d2G7,d2H7,d2A9,d2B9,d2C9,d2D9,d2E9,d2F9,d2G9,d2H9,d2A10,d2B10,d2C10,d2D10,d2E10,d2F10,d2G10,d2H10,d2A11,d2B11,d2C11,d2D11,d2E11,d2F11,d2G11,d2H11
3ANCE_80C_R2,104,Ion_30,Ion_R1,MPA_Plate,Ancestral,0,2,COPR,1,2,d1C2,d1B12,d1B1,d1C1,d1D1,d1E1,d1F1,d1G1,d1C12,d1A3,d1B3,d1C3,d1D3,d1E3,d1F3,d1G3,d1H3,d1G12,d1B5,d1C5,d1D5,d1E5,d1F5,d1G5,d1H5,d1A7,d1B7,d1C7,d1D7,d1E7,d1F7,d1G7,d1H7,d1A9,d1B9,d1C9,d1D9,d1E9,d1F9,d1G9,d1H9,d1A10,d1B10,d1C10,d1D10,d1E10,d1F10,d1G10,d1H10,d1A11,d1B11,d1C11,d1D11,d1E11,d1F11,d1G11,d1H11,d2B12,d2B1,d2C1,d2D1,d2E1,d2F1,d2G1,d2C12,d2A3,d2B3,d2C3,d2D3,d2E3,d2F3,d2G3,d2H3,d2G12,d2B5,d2C5,d2D5,d2E5,d2F5,d2G5,d2H5,d2A7,d2B7,d2C7,d2D7,d2E7,d2F7,d2G7,d2H7,d2A9,d2B9,d2C9,d2D9,d2E9,d2F9,d2G9,d2H9,d2A10,d2B10,d2C10,d2D10,d2E10,d2F10,d2G10,d2H10,d2A11,d2B11,d2C11,d2D11,d2E11,d2F11,d2G11,d2H11
3ANCE_80C_R3,105,Ion_30,Ion_R2,MPA_Plate,Ancestral,0,2,COPR,1,3,d1C2,d1B12,d1B1,d1C1,d1D1,d1E1,d1F1,d1G1,d1C12,d1A3,d1B3,d1C3,d1D3,d1E3,d1F3,d1G3,d1H3,d1G12,d1B5,d1C5,d1D5,d1E5,d1F5,d1G5,d1H5,d1A7,d1B7,d1C7,d1D7,d1E7,d1F7,d1G7,d1H7,d1A9,d1B9,d1C9,d1D9,d1E9,d1F9,d1G9,d1H9,d1A10,d1B10,d1C10,d1D10,d1E10,d1F10,d1G10,d1H10,d1A11,d1B11,d1C11,d1D11,d1E11,d1F11,d1G11,d1H11,d2B12,d2B1,d2C1,d2D1,d2E1,d2F1,d2G1,d2C12,d2A3,d2B3,d2C3,d2D3,d2E3,d2F3,d2G3,d2H3,d2G12,d2B5,d2C5,d2D5,d2E5,d2F5,d2G5,d2H5,d2A7,d2B7,d2C7,d2D7,d2E7,d2F7,d2G7,d2H7,d2A9,d2B9,d2C9,d2D9,d2E9,d2F9,d2G9,d2H9,d2A10,d2B10,d2C10,d2D10,d2E10,d2F10,d2G10,d2H10,d2A11,d2B11,d2C11,d2D11,d2E11,d2F11,d2G11,d2H11
3ANCE_80C_R4,106,Ion_30,Ion_R3,MPA_Plate,Ancestral,0,2,COPR,1,4,d1C2,d1B12,d1B1,d1C1,d1D1,d1E1,d1F1,d1G1,d1C12,d1A3,d1B3,d1C3,d1D3,d1E3,d1F3,d1G3,d1H3,d1G12,d1B5,d1C5,d1D5,d1E5,d1F5,d1G5,d1H5,d1A7,d1B7,d1C7,d1D7,d1E7,d1F7,d1G7,d1H7,d1A9,d1B9,d1C9,d1D9,d1E9,d1F9,d1G9,d1H9,d1A10,d1B10,d1C10,d1D10,d1E10,d1F10,d1G10,d1H10,d1A11,d1B11,d1C11,d1D11,d1E11,d1F11,d1G11,d1H11,d2B12,d2B1,d2C1,d2D1,d2E1,d2F1,d2G1,d2C12,d2A3,d2B3,d2C3,d2D3,d2E3,d2F3,d2G3,d2H3,d2G12,d2B5,d2C5,d2D5,d2E5,d2F5,d2G5,d2H5,d2A7,d2B7,d2C7,d2D7,d2E7,d2F7,d2G7,d2H7,d2A9,d2B9,d2C9,d2D9,d2E9,d2F9,d2G9,d2H9,d2A10,d2B10,d2C10,d2D10,d2E10,d2F10,d2G10,d2H10,d2A11,d2B11,d2C11,d2D11,d2E11,d2F11,d2G11,d2H11
3COPR_A_80C_R1,107,Ion_30,Ion_R4,MPA_Plate,COPR_A,500,2,COPR,1,1,d1C2,d1B12,d1B1,d1C1,d1D1,d1E1,d1F1,d1G1,d1C12,d1A3,d1B3,d1C3,d1D3,d1E3,d1F3,d1G3,d1H3,d1G12,d1B5,d1C5,d1D5,d1E5,d1F5,d1G5,d1H5,d1A7,d1B7,d1C7,d1D7,d1E7,d1F7,d1G7,d1H7,d1A9,d1B9,d1C9,d1D9,d1E9,d1F9,d1G9,d1H9,d1A10,d1B10,d1C10,d1D10,d1E10,d1F10,d1G10,d1H10,d1A11,d1B11,d1C11,d1D11,d1E11,d1F11,d1G11,d1H11,d2B12,d2B1,d2C1,d2D1,d2E1,d2F1,d2G1,d2C12,d2A3,d2B3,d2C3,d2D3,d2E3,d2F3,d2G3,d2H3,d2G12,d2B5,d2C5,d2D5,d2E5,d2F5,d2G5,d2H5,d2A7,d2B7,d2C7,d2D7,d2E7,d2F7,d2G7,d2H7,d2A9,d2B9,d2C9,d2D9,d2E9,d2F9,d2G9,d2H9,d2A10,d2B10,d2C10,d2D10,d2E10,d2F10,d2G10,d2H10,d2A11,d2B11,d2C11,d2D11,d2E11,d2F11,d2G11,d2H11
3COPR_A_80C_R2,108,Ion_30,Ion_R5,MPA_Plate,COPR_A,500,2,COPR,1,2,d1C2,d1B12,d1B1,d1C1,d1D1,d1E1,d1F1,d1G1,d1C12,d1A3,d1B3,d1C3,d1D3,d1E3,d1F3,d1G3,d1H3,d1G12,d1B5,d1C5,d1D5,d1E5,d1F5,d1G5,d1H5,d1A7,d1B7,d1C7,d1D7,d1E7,d1F7,d1G7,d1H7,d1A9,d1B9,d1C9,d1D9,d1E9,d1F9,d1G9,d1H9,d1A10,d1B10,d1C10,d1D10,d1E10,d1F10,d1G10,d1H10,d1A11,d1B11,d1C11,d1D11,d1E11,d1F11,d1G11,d1H11,d2B12,d2B1,d2C1,d2D1,d2E1,d2F1,d2G1,d2C12,d2A3,d2B3,d2C3,d2D3,d2E3,d2F3,d2G3,d2H3,d2G12,d2B5,d2C5,d2D5,d2E5,d2F5,d2G5,d2H5,d2A7,d2B7,d2C7,d2D7,d2E7,d2F7,d2G7,d2H7,d2A9,d2B9,d2C9,d2D9,d2E9,d2F9,d2G9,d2H9,d2A10,d2B10,d2C10,d2D10,d2E10,d2F10,d2G10,d2H10,d2A11,d2B11,d2C11,d2D11,d2E11,d2F11,d2G11,d2H11
3COPR_A_80C_R3,109,Ion_30,Ion_R6,MPA_Plate,COPR_A,500,2,COPR,1,3,d1C2,d1B12,d1B1,d1C1,d1D1,d1E1,d1F1,d1G1,d1C12,d1A3,d1B3,d1C3,d1D3,d1E3,d1F3,d1G3,d1H3,d1G12,d1B5,d1C5,d1D5,d1E5,d1F5,d1G5,d1H5,d1A7,d1B7,d1C7,d1D7,d1E7,d1F7,d1G7,d1H7,d1A9,d1B9,d1C9,d1D9,d1E9,d1F9,d1G9,d1H9,d1A10,d1B10,d1C10,d1D10,d1E10,d1F10,d1G10,d1H10,d1A11,d1B11,d1C11,d1D11,d1E11,d1F11,d1G11,d1H11,d2B12,d2B1,d2C1,d2D1,d2E1,d2F1,d2G1,d2C12,d2A3,d2B3,d2C3,d2D3,d2E3,d2F3,d2G3,d2H3,d2G12,d2B5,d2C5,d2D5,d2E5,d2F5,d2G5,d2H5,d2A7,d2B7,d2C7,d2D7,d2E7,d2F7,d2G7,d2H7,d2A9,d2B9,d2C9,d2D9,d2E9,d2F9,d2G9,d2H9,d2A10,d2B10,d2C10,d2D10,d2E10,d2F10,d2G10,d2H10,d2A11,d2B11,d2C11,d2D11,d2E11,d2F11,d2G11,d2H11
3COPR_A_80C_R4,110,Ion_30,Ion_R7,MPA_Plate,COPR_A,500,2,COPR,1,4,d1C2,d1B12,d1B1,d1C1,d1D1,d1E1,d1F1,d1G1,d1C12,d1A3,d1B3,d1C3,d1D3,d1E3,d1F3,d1G3,d1H3,d1G12,d1B5,d1C5,d1D5,d1E5,d1F5,d1G5,d1H5,d1A7,d1B7,d1C7,d1D7,d1E7,d1F7,d1G7,d1H7,d1A9,d1B9,d1C9,d1D9,d1E9,d1F9,d1G9,d1H9,d1A10,d1B10,d1C10,d1D10,d1E10,d1F10,d1G10,d1H10,d1A11,d1B11,d1C11,d1D11,d1E11,d1F11,d1G11,d1H11,d2B12,d2B1,d2C1,d2D1,d2E1,d2F1,d2G1,d2C12,d2A3,d2B3,d2C3,d2D3,d2E3,d2F3,d2G3,d2H3,d2G12,d2B5,d2C5,d2D5,d2E5,d2F5,d2G5,d2H5,d2A7,d2B7,d2C7,d2D7,d2E7,d2F7,d2G7,d2H7,d2A9,d2B9,d2C9,d2D9,d2E9,d2F9,d2G9,d2H9,d2A10,d2B10,d2C10,d2D10,d2E10,d2F10,d2G10,d2H10,d2A11,d2B11,d2C11,d2D11,d2E11,d2F11,d2G11,d2H11
3COPR_B_80C_R1,111,Ion_30,Ion_R8,MPA_Plate,COPR_B,500,2,COPR,1,1,d1C2,d1B12,d1B1,d1C1,d1D1,d1E1,d1F1,d1G1,d1C12,d1A3,d1B3,d1C3,d1D3,d1E3,d1F3,d1G3,d1H3,d1G12,d1B5,d1C5,d1D5,d1E5,d1F5,d1G5,d1H5,d1A7,d1B7,d1C7,d1D7,d1E7,d1F7,d1G7,d1H7,d1A9,d1B9,d1C9,d1D9,d1E9,d1F9,d1G9,d1H9,d1A10,d1B10,d1C10,d1D10,d1E10,d1F10,d1G10,d1H10,d1A11,d1B11,d1C11,d1D11,d1E11,d1F11,d1G11,d1H11,d2B12,d2B1,d2C1,d2D1,d2E1,d2F1,d2G1,d2C12,d2A3,d2B3,d2C3,d2D3,d2E3,d2F3,d2G3,d2H3,d2G12,d2B5,d2C5,d2D5,d2E5,d2F5,d2G5,d2H5,d2A7,d2B7,d2C7,d2D7,d2E7,d2F7,d2G7,d2H7,d2A9,d2B9,d2C9,d2D9,d2E9,d2F9,d2G9,d2H9,d2A10,d2B10,d2C10,d2D10,d2E10,d2F10,d2G10,d2H10,d2A11,d2B11,d2C11,d2D11,d2E11,d2F11,d2G11,d2H11
3COPR_B_80C_R2,112,Ion_31,Ion_R1,MPA_Plate,COPR_B,500,2,COPR,1,2,d1C2,d1B12,d1B1,d1C1,d1D1,d1E1,d1F1,d1G1,d1C12,d1A3,d1B3,d1C3,d1D3,d1E3,d1F3,d1G3,d1H3,d1G12,d1B5,d1C5,d1D5,d1E5,d1F5,d1G5,d1H5,d1A7,d1B7,d1C7,d1D7,d1E7,d1F7,d1G7,d1H7,d1A9,d1B9,d1C9,d1D9,d1E9,d1F9,d1G9,d1H9,d1A10,d1B10,d1C10,d1D10,d1E10,d1F10,d1G10,d1H10,d1A11,d1B11,d1C11,d1D11,d1E11,d1F11,d1G11,d1H11,d2B12,d2B1,d2C1,d2D1,d2E1,d2F1,d2G1,d2C12,d2A3,d2B3,d2C3,d2D3,d2E3,d2F3,d2G3,d2H3,d2G12,d2B5,d2C5,d2D5,d2E5,d2F5,d2G5,d2H5,d2A7,d2B7,d2C7,d2D7,d2E7,d2F7,d2G7,d2H7,d2A9,d2B9,d2C9,d2D9,d2E9,d2F9,d2G9,d2H9,d2A10,d2B10,d2C10,d2D10,d2E10,d2F10,d2G10,d2H10,d2A11,d2B11,d2C11,d2D11,d2E11,d2F11,d2G11,d2H11
3COPR_B_80C_R3,113,Ion_31,Ion_R2,MPA_Plate,COPR_B,500,2,COPR,1,3,d1C2,d1B12,d1B1,d1C1,d1D1,d1E1,d1F1,d1G1,d1C12,d1A3,d1B3,d1C3,d1D3,d1E3,d1F3,d1G3,d1H3,d1G12,d1B5,d1C5,d1D5,d1E5,d1F5,d1G5,d1H5,d1A7,d1B7,d1C7,d1D7,d1E7,d1F7,d1G7,d1H7,d1A9,d1B9,d1C9,d1D9,d1E9,d1F9,d1G9,d1H9,d1A10,d1B10,d1C10,d1D10,d1E10,d1F10,d1G10,d1H10,d1A11,d1B11,d1C11,d1D11,d1E11,d1F11,d1G11,d1H11,d2B12,d2B1,d2C1,d2D1,d2E1,d2F1,d2G1,d2C12,d2A3,d2B3,d2C3,d2D3,d2E3,d2F3,d2G3,d2H3,d2G12,d2B5,d2C5,d2D5,d2E5,d2F5,d2G5,d2H5,d2A7,d2B7,d2C7,d2D7,d2E7,d2F7,d2G7,d2H7,d2A9,d2B9,d2C9,d2D9,d2E9,d2F9,d2G9,d2H9,d2A10,d2B10,d2C10,d2D10,d2E10,d2F10,d2G10,d2H10,d2A11,d2B11,d2C11,d2D11,d2E11,d2F11,d2G11,d2H11
3COPR_B_80C_R4,114,Ion_31,Ion_R3,MPA_Plate,COPR_B,500,2,COPR,1,4,d1C2,d1B12,d1B1,d1C1,d1D1,d1E1,d1F1,d1G1,d1C12,d1A3,d1B3,d1C3,d1D3,d1E3,d1F3,d1G3,d1H3,d1G12,d1B5,d1C5,d1D5,d1E5,d1F5,d1G5,d1H5,d1A7,d1B7,d1C7,d1D7,d1E7,d1F7,d1G7,d1H7,d1A9,d1B9,d1C9,d1D9,d1E9,d1F9,d1G9,d1H9,d1A10,d1B10,d1C10,d1D10,d1E10,d1F10,d1G10,d1H10,d1A11,d1B11,d1C11,d1D11,d1E11,d1F11,d1G11,d1H11,d2B12,d2B1,d2C1,d2D1,d2E1,d2F1,d2G1,d2C12,d2A3,d2B3,d2C3,d2D3,d2E3,d2F3,d2G3,d2H3,d2G12,d2B5,d2C5,d2D5,d2E5,d2F5,d2G5,d2H5,d2A7,d2B7,d2C7,d2D7,d2E7,d2F7,d2G7,d2H7,d2A9,d2B9,d2C9,d2D9,d2E9,d2F9,d2G9,d2H9,d2A10,d2B10,d2C10,d2D10,d2E10,d2F10,d2G10,d2H10,d2A11,d2B11,d2C11,d2D11,d2E11,d2F11,d2G11,d2H11
3ANCE_120C_R1,115,Ion_31,Ion_R4,MPA_Plate,Ancestral,0,2,COPR,1,1,d1C2,d1B12,d1B1,d1C1,d1D1,d1E1,d1F1,d1G1,d1C12,d1A3,d1B3,d1C3,d1D3,d1E3,d1F3,d1G3,d1H3,d1G12,d1B5,d1C5,d1D5,d1E5,d1F5,d1G5,d1H5,d1A7,d1B7,d1C7,d1D7,d1E7,d1F7,d1G7,d1H7,d1A9,d1B9,d1C9,d1D9,d1E9,d1F9,d1G9,d1H9,d1A10,d1B10,d1C10,d1D10,d1E10,d1F10,d1G10,d1H10,d1A11,d1B11,d1C11,d1D11,d1E11,d1F11,d1G11,d1H11,d2B12,d2B1,d2C1,d2D1,d2E1,d2F1,d2G1,d2C12,d2A3,d2B3,d2C3,d2D3,d2E3,d2F3,d2G3,d2H3,d2G12,d2B5,d2C5,d2D5,d2E5,d2F5,d2G5,d2H5,d2A7,d2B7,d2C7,d2D7,d2E7,d2F7,d2G7,d2H7,d2A9,d2B9,d2C9,d2D9,d2E9,d2F9,d2G9,d2H9,d2A10,d2B10,d2C10,d2D10,d2E10,d2F10,d2G10,d2H10,d2A11,d2B11,d2C11,d2D11,d2E11,d2F11,d2G11,d2H11
3ANCE_120C_R2,116,Ion_31,Ion_R5,MPA_Plate,Ancestral,0,2,COPR,1,2,d1C2,d1B12,d1B1,d1C1,d1D1,d1E1,d1F1,d1G1,d1C12,d1A3,d1B3,d1C3,d1D3,d1E3,d1F3,d1G3,d1H3,d1G12,d1B5,d1C5,d1D5,d1E5,d1F5,d1G5,d1H5,d1A7,d1B7,d1C7,d1D7,d1E7,d1F7,d1G7,d1H7,d1A9,d1B9,d1C9,d1D9,d1E9,d1F9,d1G9,d1H9,d1A10,d1B10,d1C10,d1D10,d1E10,d1F10,d1G10,d1H10,d1A11,d1B11,d1C11,d1D11,d1E11,d1F11,d1G11,d1H11,d2B12,d2B1,d2C1,d2D1,d2E1,d2F1,d2G1,d2C12,d2A3,d2B3,d2C3,d2D3,d2E3,d2F3,d2G3,d2H3,d2G12,d2B5,d2C5,d2D5,d2E5,d2F5,d2G5,d2H5,d2A7,d2B7,d2C7,d2D7,d2E7,d2F7,d2G7,d2H7,d2A9,d2B9,d2C9,d2D9,d2E9,d2F9,d2G9,d2H9,d2A10,d2B10,d2C10,d2D10,d2E10,d2F10,d2G10,d2H10,d2A11,d2B11,d2C11,d2D11,d2E11,d2F11,d2G11,d2H11
3ANCE_120C_R3,117,Ion_31,Ion_R6,MPA_Plate,Ancestral,0,2,COPR,1,3,d1C2,d1B12,d1B1,d1C1,d1D1,d1E1,d1F1,d1G1,d1C12,d1A3,d1B3,d1C3,d1D3,d1E3,d1F3,d1G3,d1H3,d1G12,d1B5,d1C5,d1D5,d1E5,d1F5,d1G5,d1H5,d1A7,d1B7,d1C7,d1D7,d1E7,d1F7,d1G7,d1H7,d1A9,d1B9,d1C9,d1D9,d1E9,d1F9,d1G9,d1H9,d1A10,d1B10,d1C10,d1D10,d1E10,d1F10,d1G10,d1H10,d1A11,d1B11,d1C11,d1D11,d1E11,d1F11,d1G11,d1H11,d2B12,d2B1,d2C1,d2D1,d2E1,d2F1,d2G1,d2C12,d2A3,d2B3,d2C3,d2D3,d2E3,d2F3,d2G3,d2H3,d2G12,d2B5,d2C5,d2D5,d2E5,d2F5,d2G5,d2H5,d2A7,d2B7,d2C7,d2D7,d2E7,d2F7,d2G7,d2H7,d2A9,d2B9,d2C9,d2D9,d2E9,d2F9,d2G9,d2H9,d2A10,d2B10,d2C10,d2D10,d2E10,d2F10,d2G10,d2H10,d2A11,d2B11,d2C11,d2D11,d2E11,d2F11,d2G11,d2H11
3ANCE_120C_R4,118,Ion_31,Ion_R7,MPA_Plate,Ancestral,0,2,COPR,1,4,d1C2,d1B12,d1B1,d1C1,d1D1,d1E1,d1F1,d1G1,d1C12,d1A3,d1B3,d1C3,d1D3,d1E3,d1F3,d1G3,d1H3,d1G12,d1B5,d1C5,d1D5,d1E5,d1F5,d1G5,d1H5,d1A7,d1B7,d1C7,d1D7,d1E7,d1F7,d1G7,d1H7,d1A9,d1B9,d1C9,d1D9,d1E9,d1F9,d1G9,d1H9,d1A10,d1B10,d1C10,d1D10,d1E10,d1F10,d1G10,d1H10,d1A11,d1B11,d1C11,d1D11,d1E11,d1F11,d1G11,d1H11,d2B12,d2B1,d2C1,d2D1,d2E1,d2F1,d2G1,d2C12,d2A3,d2B3,d2C3,d2D3,d2E3,d2F3,d2G3,d2H3,d2G12,d2B5,d2C5,d2D5,d2E5,d2F5,d2G5,d2H5,d2A7,d2B7,d2C7,d2D7,d2E7,d2F7,d2G7,d2H7,d2A9,d2B9,d2C9,d2D9,d2E9,d2F9,d2G9,d2H9,d2A10,d2B10,d2C10,d2D10,d2E10,d2F10,d2G10,d2H10,d2A11,d2B11,d2C11,d2D11,d2E11,d2F11,d2G11,d2H11
3COPR_A_120C_R1,119,Ion_31,Ion_R8,MPA_Plate,COPR_A,500,2,COPR,1,1,d1C2,d1B12,d1B1,d1C1,d1D1,d1E1,d1F1,d1G1,d1C12,d1A3,d1B3,d1C3,d1D3,d1E3,d1F3,d1G3,d1H3,d1G12,d1B5,d1C5,d1D5,d1E5,d1F5,d1G5,d1H5,d1A7,d1B7,d1C7,d1D7,d1E7,d1F7,d1G7,d1H7,d1A9,d1B9,d1C9,d1D9,d1E9,d1F9,d1G9,d1H9,d1A10,d1B10,d1C10,d1D10,d1E10,d1F10,d1G10,d1H10,d1A11,d1B11,d1C11,d1D11,d1E11,d1F11,d1G11,d1H11,d2B12,d2B1,d2C1,d2D1,d2E1,d2F1,d2G1,d2C12,d2A3,d2B3,d2C3,d2D3,d2E3,d2F3,d2G3,d2H3,d2G12,d2B5,d2C5,d2D5,d2E5,d2F5,d2G5,d2H5,d2A7,d2B7,d2C7,d2D7,d2E7,d2F7,d2G7,d2H7,d2A9,d2B9,d2C9,d2D9,d2E9,d2F9,d2G9,d2H9,d2A10,d2B10,d2C10,d2D10,d2E10,d2F10,d2G10,d2H10,d2A11,d2B11,d2C11,d2D11,d2E11,d2F11,d2G11,d2H11
3COPR_A_120C_R2,120,Ion_32,Ion_R1,MPA_Plate,COPR_A,500,2,COPR,1,2,d1C2,d1B12,d1B1,d1C1,d1D1,d1E1,d1F1,d1G1,d1C12,d1A3,d1B3,d1C3,d1D3,d1E3,d1F3,d1G3,d1H3,d1G12,d1B5,d1C5,d1D5,d1E5,d1F5,d1G5,d1H5,d1A7,d1B7,d1C7,d1D7,d1E7,d1F7,d1G7,d1H7,d1A9,d1B9,d1C9,d1D9,d1E9,d1F9,d1G9,d1H9,d1A10,d1B10,d1C10,d1D10,d1E10,d1F10,d1G10,d1H10,d1A11,d1B11,d1C11,d1D11,d1E11,d1F11,d1G11,d1H11,d2B12,d2B1,d2C1,d2D1,d2E1,d2F1,d2G1,d2C12,d2A3,d2B3,d2C3,d2D3,d2E3,d2F3,d2G3,d2H3,d2G12,d2B5,d2C5,d2D5,d2E5,d2F5,d2G5,d2H5,d2A7,d2B7,d2C7,d2D7,d2E7,d2F7,d2G7,d2H7,d2A9,d2B9,d2C9,d2D9,d2E9,d2F9,d2G9,d2H9,d2A10,d2B10,d2C10,d2D10,d2E10,d2F10,d2G10,d2H10,d2A11,d2B11,d2C11,d2D11,d2E11,d2F11,d2G11,d2H11
3COPR_A_120C_R3,121,Ion_32,Ion_R2,MPA_Plate,COPR_A,500,2,COPR,1,3,d1C2,d1B12,d1B1,d1C1,d1D1,d1E1,d1F1,d1G1,d1C12,d1A3,d1B3,d1C3,d1D3,d1E3,d1F3,d1G3,d1H3,d1G12,d1B5,d1C5,d1D5,d1E5,d1F5,d1G5,d1H5,d1A7,d1B7,d1C7,d1D7,d1E7,d1F7,d1G7,d1H7,d1A9,d1B9,d1C9,d1D9,d1E9,d1F9,d1G9,d1H9,d1A10,d1B10,d1C10,d1D10,d1E10,d1F10,d1G10,d1H10,d1A11,d1B11,d1C11,d1D11,d1E11,d1F11,d1G11,d1H11,d2B12,d2B1,d2C1,d2D1,d2E1,d2F1,d2G1,d2C12,d2A3,d2B3,d2C3,d2D3,d2E3,d2F3,d2G3,d2H3,d2G12,d2B5,d2C5,d2D5,d2E5,d2F5,d2G5,d2H5,d2A7,d2B7,d2C7,d2D7,d2E7,d2F7,d2G7,d2H7,d2A9,d2B9,d2C9,d2D9,d2E9,d2F9,d2G9,d2H9,d2A10,d2B10,d2C10,d2D10,d2E10,d2F10,d2G10,d2H10,d2A11,d2B11,d2C11,d2D11,d2E11,d2F11,d2G11,d2H11
3COPR_A_120C_R4,122,Ion_32,Ion_R3,MPA_Plate,COPR_A,500,2,COPR,1,4,d1C2,d1B12,d1B1,d1C1,d1D1,d1E1,d1F1,d1G1,d1C12,d1A3,d1B3,d1C3,d1D3,d1E3,d1F3,d1G3,d1H3,d1G12,d1B5,d1C5,d1D5,d1E5,d1F5,d1G5,d1H5,d1A7,d1B7,d1C7,d1D7,d1E7,d1F7,d1G7,d1H7,d1A9,d1B9,d1C9,d1D9,d1E9,d1F9,d1G9,d1H9,d1A10,d1B10,d1C10,d1D10,d1E10,d1F10,d1G10,d1H10,d1A11,d1B11,d1C11,d1D11,d1E11,d1F11,d1G11,d1H11,d2B12,d2B1,d2C1,d2D1,d2E1,d2F1,d2G1,d2C12,d2A3,d2B3,d2C3,d2D3,d2E3,d2F3,d2G3,d2H3,d2G12,d2B5,d2C5,d2D5,d2E5,d2F5,d2G5,d2H5,d2A7,d2B7,d2C7,d2D7,d2E7,d2F7,d2G7,d2H7,d2A9,d2B9,d2C9,d2D9,d2E9,d2F9,d2G9,d2H9,d2A10,d2B10,d2C10,d2D10,d2E10,d2F10,d2G10,d2H10,d2A11,d2B11,d2C11,d2D11,d2E11,d2F11,d2G11,d2H11
3COPR_B_120C_R1,123,Ion_32,Ion_R4,MPA_Plate,COPR_B,500,2,COPR,1,1,d1C2,d1B12,d1B1,d1C1,d1D1,d1E1,d1F1,d1G1,d1C12,d1A3,d1B3,d1C3,d1D3,d1E3,d1F3,d1G3,d1H3,d1G12,d1B5,d1C5,d1D5,d1E5,d1F5,d1G5,d1H5,d1A7,d1B7,d1C7,d1D7,d1E7,d1F7,d1G7,d1H7,d1A9,d1B9,d1C9,d1D9,d1E9,d1F9,d1G9,d1H9,d1A10,d1B10,d1C10,d1D10,d1E10,d1F10,d1G10,d1H10,d1A11,d1B11,d1C11,d1D11,d1E11,d1F11,d1G11,d1H11,d2B12,d2B1,d2C1,d2D1,d2E1,d2F1,d2G1,d2C12,d2A3,d2B3,d2C3,d2D3,d2E3,d2F3,d2G3,d2H3,d2G12,d2B5,d2C5,d2D5,d2E5,d2F5,d2G5,d2H5,d2A7,d2B7,d2C7,d2D7,d2E7,d2F7,d2G7,d2H7,d2A9,d2B9,d2C9,d2D9,d2E9,d2F9,d2G9,d2H9,d2A10,d2B10,d2C10,d2D10,d2E10,d2F10,d2G10,d2H10,d2A11,d2B11,d2C11,d2D11,d2E11,d2F11,d2G11,d2H11
3COPR_B_120C_R2,124,Ion_32,Ion_R5,MPA_Plate,COPR_B,500,2,COPR,1,2,d1C2,d1B12,d1B1,d1C1,d1D1,d1E1,d1F1,d1G1,d1C12,d1A3,d1B3,d1C3,d1D3,d1E3,d1F3,d1G3,d1H3,d1G12,d1B5,d1C5,d1D5,d1E5,d1F5,d1G5,d1H5,d1A7,d1B7,d1C7,d1D7,d1E7,d1F7,d1G7,d1H7,d1A9,d1B9,d1C9,d1D9,d1E9,d1F9,d1G9,d1H9,d1A10,d1B10,d1C10,d1D10,d1E10,d1F10,d1G10,d1H10,d1A11,d1B11,d1C11,d1D11,d1E11,d1F11,d1G11,d1H11,d2B12,d2B1,d2C1,d2D1,d2E1,d2F1,d2G1,d2C12,d2A3,d2B3,d2C3,d2D3,d2E3,d2F3,d2G3,d2H3,d2G12,d2B5,d2C5,d2D5,d2E5,d2F5,d2G5,d2H5,d2A7,d2B7,d2C7,d2D7,d2E7,d2F7,d2G7,d2H7,d2A9,d2B9,d2C9,d2D9,d2E9,d2F9,d2G9,d2H9,d2A10,d2B10,d2C10,d2D10,d2E10,d2F10,d2G10,d2H10,d2A11,d2B11,d2C11,d2D11,d2E11,d2F11,d2G11,d2H11
3COPR_B_120C_R3,125,Ion_32,Ion_R6,MPA_Plate,COPR_B,500,2,COPR,1,3,d1C2,d1B12,d1B1,d1C1,d1D1,d1E1,d1F1,d1G1,d1C12,d1A3,d1B3,d1C3,d1D3,d1E3,d1F3,d1G3,d1H3,d1G12,d1B5,d1C5,d1D5,d1E5,d1F5,d1G5,d1H5,d1A7,d1B7,d1C7,d1D7,d1E7,d1F7,d1G7,d1H7,d1A9,d1B9,d1C9,d1D9,d1E9,d1F9,d1G9,d1H9,d1A10,d1B10,d1C10,d1D10,d1E10,d1F10,d1G10,d1H10,d1A11,d1B11,d1C11,d1D11,d1E11,d1F11,d1G11,d1H11,d2B12,d2B1,d2C1,d2D1,d2E1,d2F1,d2G1,d2C12,d2A3,d2B3,d2C3,d2D3,d2E3,d2F3,d2G3,d2H3,d2G12,d2B5,d2C5,d2D5,d2E5,d2F5,d2G5,d2H5,d2A7,d2B7,d2C7,d2D7,d2E7,d2F7,d2G7,d2H7,d2A9,d2B9,d2C9,d2D9,d2E9,d2F9,d2G9,d2H9,d2A10,d2B10,d2C10,d2D10,d2E10,d2F10,d2G10,d2H10,d2A11,d2B11,d2C11,d2D11,d2E11,d2F11,d2G11,d2H11
3COPR_B_120C_R4,126,Ion_25,Ion_R8,MPA_Plate,COPR_B,500,2,COPR,1,4,d1C2,d1B12,d1B1,d1C1,d1D1,d1E1,d1F1,d1G1,d1C12,d1A3,d1B3,d1C3,d1D3,d1E3,d1F3,d1G3,d1H3,d1G12,d1B5,d1C5,d1D5,d1E5,d1F5,d1G5,d1H5,d1A7,d1B7,d1C7,d1D7,d1E7,d1F7,d1G7,d1H7,d1A9,d1B9,d1C9,d1D9,d1E9,d1F9,d1G9,d1H9,d1A10,d1B10,d1C10,d1D10,d1E10,d1F10,d1G10,d1H10,d1A11,d1B11,d1C11,d1D11,d1E11,d1F11,d1G11,d1H11,d2B12,d2B1,d2C1,d2D1,d2E1,d2F1,d2G1,d2C12,d2A3,d2B3,d2C3,d2D3,d2E3,d2F3,d2G3,d2H3,d2G12,d2B5,d2C5,d2D5,d2E5,d2F5,d2G5,d2H5,d2A7,d2B7,d2C7,d2D7,d2E7,d2F7,d2G7,d2H7,d2A9,d2B9,d2C9,d2D9,d2E9,d2F9,d2G9,d2H9,d2A10,d2B10,d2C10,d2D10,d2E10,d2F10,d2G10,d2H10,d2A11,d2B11,d2C11,d2D11,d2E11,d2F11,d2G11,d2H11
d1C3_single_well,A,Ion_34,Ion_R1,SW_Search,SW_Search,NA,NA,NA,NA,NA,d1C3,,,,,,,,,,,,,,,,,,,,,,,,,,,,,,,,,,,,,,,,,,,,,,,,,,,,,,,,,,,,,,,,,,,,,,,,,,,,,,,,,,,,,,,,,,,,,,,,,,,,,,,,,,,,,,,,
d1D10_single_well,B,Ion_34,Ion_R2,SW_Search,SW_Search,NA,NA,NA,NA,NA,d1D10,,,,,,,,,,,,,,,,,,,,,,,,,,,,,,,,,,,,,,,,,,,,,,,,,,,,,,,,,,,,,,,,,,,,,,,,,,,,,,,,,,,,,,,,,,,,,,,,,,,,,,,,,,,,,,,,
d2C9_single_well,C,Ion_34,Ion_R3,SW_Search,SW_Search,NA,NA,NA,NA,NA,d2C9,,,,,,,,,,,,,,,,,,,,,,,,,,,,,,,,,,,,,,,,,,,,,,,,,,,,,,,,,,,,,,,,,,,,,,,,,,,,,,,,,,,,,,,,,,,,,,,,,,,,,,,,,,,,,,,,
d2G11_single_well,D,Ion_34,Ion_R4,SW_Search,SW_Search,NA,NA,NA,NA,NA,d2G11,,,,,,,,,,,,,,,,,,,,,,,,,,,,,,,,,,,,,,,,,,,,,,,,,,,,,,,,,,,,,,,,,,,,,,,,,,,,,,,,,,,,,,,,,,,,,,,,,,,,,,,,,,,,,,,,
d2H11_single_well,E,Ion_34,Ion_R5,SW_Search,SW_Search,NA,NA,NA,NA,NA,d2H11,,,,,,,,,,,,,,,,,,,,,,,,,,,,,,,,,,,,,,,,,,,,,,,,,,,,,,,,,,,,,,,,,,,,,,,,,,,,,,,,,,,,,,,,,,,,,,,,,,,,,,,,,,,,,,,,
DB1,DB1,Ion_33,Ion_R2,DNA_Blank,DNA_Blank,NA,NA,NA,NA,NA,,,,,,,,,,,,,,,,,,,,,,,,,,,,,,,,,,,,,,,,,,,,,,,,,,,,,,,,,,,,,,,,,,,,,,,,,,,,,,,,,,,,,,,,,,,,,,,,,,,,,,,,,,,,,,,,,
DB2,DB2,Ion_33,Ion_R3,DNA_Blank,DNA_Blank,NA,NA,NA,NA,NA,,,,,,,,,,,,,,,,,,,,,,,,,,,,,,,,,,,,,,,,,,,,,,,,,,,,,,,,,,,,,,,,,,,,,,,,,,,,,,,,,,,,,,,,,,,,,,,,,,,,,,,,,,,,,,,,,
DB3,DB3,Ion_33,Ion_R4,DNA_Blank,DNA_Blank,NA,NA,NA,NA,NA,,,,,,,,,,,,,,,,,,,,,,,,,,,,,,,,,,,,,,,,,,,,,,,,,,,,,,,,,,,,,,,,,,,,,,,,,,,,,,,,,,,,,,,,,,,,,,,,,,,,,,,,,,,,,,,,,
DB4,DB4,Ion_33,Ion_R5,DNA_Blank,DNA_Blank,NA,NA,NA,NA,NA,,,,,,,,,,,,,,,,,,,,,,,,,,,,,,,,,,,,,,,,,,,,,,,,,,,,,,,,,,,,,,,,,,,,,,,,,,,,,,,,,,,,,,,,,,,,,,,,,,,,,,,,,,,,,,,,,
DB5,DB5,Ion_33,Ion_R6,DNA_Blank,DNA_Blank,NA,NA,NA,NA,NA,,,,,,,,,,,,,,,,,,,,,,,,,,,,,,,,,,,,,,,,,,,,,,,,,,,,,,,,,,,,,,,,,,,,,,,,,,,,,,,,,,,,,,,,,,,,,,,,,,,,,,,,,,,,,,,,,
DB6,DB6,Ion_33,Ion_R7,DNA_Blank,DNA_Blank,NA,NA,NA,NA,NA,,,,,,,,,,,,,,,,,,,,,,,,,,,,,,,,,,,,,,,,,,,,,,,,,,,,,,,,,,,,,,,,,,,,,,,,,,,,,,,,,,,,,,,,,,,,,,,,,,,,,,,,,,,,,,,,,
PB11,PB11,Ion_17,Ion_R9,PCR_Blank,PCR_Blank,NA,NA,NA,NA,NA,,,,,,,,,,,,,,,,,,,,,,,,,,,,,,,,,,,,,,,,,,,,,,,,,,,,,,,,,,,,,,,,,,,,,,,,,,,,,,,,,,,,,,,,,,,,,,,,,,,,,,,,,,,,,,,,,
PB12,PB12,Ion_18,Ion_R9,PCR_Blank,PCR_Blank,NA,NA,NA,NA,NA,,,,,,,,,,,,,,,,,,,,,,,,,,,,,,,,,,,,,,,,,,,,,,,,,,,,,,,,,,,,,,,,,,,,,,,,,,,,,,,,,,,,,,,,,,,,,,,,,,,,,,,,,,,,,,,,,
PB13,PB13,Ion_19,Ion_R9,PCR_Blank,PCR_Blank,NA,NA,NA,NA,NA,,,,,,,,,,,,,,,,,,,,,,,,,,,,,,,,,,,,,,,,,,,,,,,,,,,,,,,,,,,,,,,,,,,,,,,,,,,,,,,,,,,,,,,,,,,,,,,,,,,,,,,,,,,,,,,,,
PB14,PB14,Ion_20,Ion_R9,PCR_Blank,PCR_Blank,NA,NA,NA,NA,NA,,,,,,,,,,,,,,,,,,,,,,,,,,,,,,,,,,,,,,,,,,,,,,,,,,,,,,,,,,,,,,,,,,,,,,,,,,,,,,,,,,,,,,,,,,,,,,,,,,,,,,,,,,,,,,,,,
PB21,PB21,Ion_21,Ion_R9,PCR_Blank,PCR_Blank,NA,NA,NA,NA,NA,,,,,,,,,,,,,,,,,,,,,,,,,,,,,,,,,,,,,,,,,,,,,,,,,,,,,,,,,,,,,,,,,,,,,,,,,,,,,,,,,,,,,,,,,,,,,,,,,,,,,,,,,,,,,,,,,
PB22,PB22,Ion_22,Ion_R9,PCR_Blank,PCR_Blank,NA,NA,NA,NA,NA,,,,,,,,,,,,,,,,,,,,,,,,,,,,,,,,,,,,,,,,,,,,,,,,,,,,,,,,,,,,,,,,,,,,,,,,,,,,,,,,,,,,,,,,,,,,,,,,,,,,,,,,,,,,,,,,,
PB24,PB24,Ion_24,Ion_R9,PCR_Blank,PCR_Blank,NA,NA,NA,NA,NA,,,,,,,,,,,,,,,,,,,,,,,,,,,,,,,,,,,,,,,,,,,,,,,,,,,,,,,,,,,,,,,,,,,,,,,,,,,,,,,,,,,,,,,,,,,,,,,,,,,,,,,,,,,,,,,,,
PB31,PB31,Ion_25,Ion_R9,PCR_Blank,PCR_Blank,NA,NA,NA,NA,NA,,,,,,,,,,,,,,,,,,,,,,,,,,,,,,,,,,,,,,,,,,,,,,,,,,,,,,,,,,,,,,,,,,,,,,,,,,,,,,,,,,,,,,,,,,,,,,,,,,,,,,,,,,,,,,,,,
PB32,PB32,Ion_26,Ion_R9,PCR_Blank,PCR_Blank,NA,NA,NA,NA,NA,,,,,,,,,,,,,,,,,,,,,,,,,,,,,,,,,,,,,,,,,,,,,,,,,,,,,,,,,,,,,,,,,,,,,,,,,,,,,,,,,,,,,,,,,,,,,,,,,,,,,,,,,,,,,,,,,
PB34,PB34,Ion_28,Ion_R9,PCR_Blank,PCR_Blank,NA,NA,NA,NA,NA,,,,,,,,,,,,,,,,,,,,,,,,,,,,,,,,,,,,,,,,,,,,,,,,,,,,,,,,,,,,,,,,,,,,,,,,,,,,,,,,,,,,,,,,,,,,,,,,,,,,,,,,,,,,,,,,,
PB41,PB41,Ion_29,Ion_R9,PCR_Blank,PCR_Blank,NA,NA,NA,NA,NA,,,,,,,,,,,,,,,,,,,,,,,,,,,,,,,,,,,,,,,,,,,,,,,,,,,,,,,,,,,,,,,,,,,,,,,,,,,,,,,,,,,,,,,,,,,,,,,,,,,,,,,,,,,,,,,,,
PB42,PB42,Ion_30,Ion_R9,PCR_Blank,PCR_Blank,NA,NA,NA,NA,NA,,,,,,,,,,,,,,,,,,,,,,,,,,,,,,,,,,,,,,,,,,,,,,,,,,,,,,,,,,,,,,,,,,,,,,,,,,,,,,,,,,,,,,,,,,,,,,,,,,,,,,,,,,,,,,,,,
PB43,PB43,Ion_31,Ion_R9,PCR_Blank,PCR_Blank,NA,NA,NA,NA,NA,,,,,,,,,,,,,,,,,,,,,,,,,,,,,,,,,,,,,,,,,,,,,,,,,,,,,,,,,,,,,,,,,,,,,,,,,,,,,,,,,,,,,,,,,,,,,,,,,,,,,,,,,,,,,,,,,
PB44,PB44,Ion_32,Ion_R9,PCR_Blank,PCR_Blank,NA,NA,NA,NA,NA,,,,,,,,,,,,,,,,,,,,,,,,,,,,,,,,,,,,,,,,,,,,,,,,,,,,,,,,,,,,,,,,,,,,,,,,,,,,,,,,,,,,,,,,,,,,,,,,,,,,,,,,,,,,,,,,,
PB51,PB51,Ion_35,Ion_R9,PCR_Blank,PCR_Blank,NA,NA,NA,NA,NA,,,,,,,,,,,,,,,,,,,,,,,,,,,,,,,,,,,,,,,,,,,,,,,,,,,,,,,,,,,,,,,,,,,,,,,,,,,,,,,,,,,,,,,,,,,,,,,,,,,,,,,,,,,,,,,,,
PB52,PB52,Ion_36,Ion_R9,PCR_Blank,PCR_Blank,NA,NA,NA,NA,NA,,,,,,,,,,,,,,,,,,,,,,,,,,,,,,,,,,,,,,,,,,,,,,,,,,,,,,,,,,,,,,,,,,,,,,,,,,,,,,,,,,,,,,,,,,,,,,,,,,,,,,,,,,,,,,,,,